province,year,gdp_available,employment_primary_available,employment_secondary_available,employment_tertiary_available,internet_users_available,population_available,source_note
Beijing,2011,NBS_YEARBOOK,NBS_YEARBOOK,NBS_YEARBOOK,NBS_YEARBOOK,NBS_YEARBOOK_PARTIAL,NBS_YEARBOOK,Requires manual extraction from China Statistical Yearbook or EPS platform
Beijing,2012,NBS_YEARBOOK,NBS_YEARBOOK,NBS_YEARBOOK,NBS_YEARBOOK,NBS_YEARBOOK_PARTIAL,NBS_YEARBOOK,Requires manual extraction from China Statistical Yearbook or EPS platform
Beijing,2013,NBS_YEARBOOK,NBS_YEARBOOK,NBS_YEARBOOK,NBS_YEARBOOK,NBS_YEARBOOK_PARTIAL,NBS_YEARBOOK,Requires manual extraction from China Statistical Yearbook or EPS platform
Beijing,2014,NBS_YEARBOOK,NBS_YEARBOOK,NBS_YEARBOOK,NBS_YEARBOOK,NBS_YEARBOOK_PARTIAL,NBS_YEARBOOK,Requires manual extraction from China Statistical Yearbook or EPS platform
Beijing,2015,NBS_YEARBOOK,NBS_YEARBOOK,NBS_YEARBOOK,NBS_YEARBOOK,NBS_YEARBOOK_PARTIAL,NBS_YEARBOOK,Requires manual extraction from China Statistical Yearbook or EPS platform
Beijing,2016,NBS_YEARBOOK,NBS_YEARBOOK,NBS_YEARBOOK,NBS_YEARBOOK,NBS_YEARBOOK_PARTIAL,NBS_YEARBOOK,Requires manual extraction from China Statistical Yearbook or EPS platform
Beijing,2017,NBS_YEARBOOK,NBS_YEARBOOK,NBS_YEARBOOK,NBS_YEARBOOK,NBS_YEARBOOK_PARTIAL,NBS_YEARBOOK,Requires manual extraction from China Statistical Yearbook or EPS platform
Beijing,2018,NBS_YEARBOOK,NBS_YEARBOOK,NBS_YEARBOOK,NBS_YEARBOOK,NBS_YEARBOOK_PARTIAL,NBS_YEARBOOK,Requires manual extraction from China Statistical Yearbook or EPS platform
Beijing,2019,NBS_YEARBOOK,NBS_YEARBOOK,NBS_YEARBOOK,NBS_YEARBOOK,NBS_YEARBOOK_PARTIAL,NBS_YEARBOOK,Requires manual extraction from China Statistical Yearbook or EPS platform
Beijing,2020,NBS_YEARBOOK,NBS_YEARBOOK,NBS_YEARBOOK,NBS_YEARBOOK,NBS_YEARBOOK_PARTIAL,NBS_YEARBOOK,Requires manual extraction from China Statistical Yearbook or EPS platform
Beijing,2021,NBS_YEARBOOK,NBS_YEARBOOK,NBS_YEARBOOK,NBS_YEARBOOK,NBS_YEARBOOK_PARTIAL,NBS_YEARBOOK,Requires manual extraction from China Statistical Yearbook or EPS platform
Beijing,2022,NBS_YEARBOOK,NBS_YEARBOOK,NBS_YEARBOOK,NBS_YEARBOOK,NBS_YEARBOOK_PARTIAL,NBS_YEARBOOK,Requires manual extraction from China Statistical Yearbook or EPS platform
Beijing,2023,NBS_YEARBOOK,NBS_YEARBOOK,NBS_YEARBOOK,NBS_YEARBOOK,NBS_YEARBOOK_PARTIAL,NBS_YEARBOOK,Requires manual extraction from China Statistical Yearbook or EPS platform
Tianjin,2011,NBS_YEARBOOK,NBS_YEARBOOK,NBS_YEARBOOK,NBS_YEARBOOK,NBS_YEARBOOK_PARTIAL,NBS_YEARBOOK,Requires manual extraction from China Statistical Yearbook or EPS platform
Tianjin,2012,NBS_YEARBOOK,NBS_YEARBOOK,NBS_YEARBOOK,NBS_YEARBOOK,NBS_YEARBOOK_PARTIAL,NBS_YEARBOOK,Requires manual extraction from China Statistical Yearbook or EPS platform
Tianjin,2013,NBS_YEARBOOK,NBS_YEARBOOK,NBS_YEARBOOK,NBS_YEARBOOK,NBS_YEARBOOK_PARTIAL,NBS_YEARBOOK,Requires manual extraction from China Statistical Yearbook or EPS platform
Tianjin,2014,NBS_YEARBOOK,NBS_YEARBOOK,NBS_YEARBOOK,NBS_YEARBOOK,NBS_YEARBOOK_PARTIAL,NBS_YEARBOOK,Requires manual extraction from China Statistical Yearbook or EPS platform
Tianjin,2015,NBS_YEARBOOK,NBS_YEARBOOK,NBS_YEARBOOK,NBS_YEARBOOK,NBS_YEARBOOK_PARTIAL,NBS_YEARBOOK,Requires manual extraction from China Statistical Yearbook or EPS platform
Tianjin,2016,NBS_YEARBOOK,NBS_YEARBOOK,NBS_YEARBOOK,NBS_YEARBOOK,NBS_YEARBOOK_PARTIAL,NBS_YEARBOOK,Requires manual extraction from China Statistical Yearbook or EPS platform
Tianjin,2017,NBS_YEARBOOK,NBS_YEARBOOK,NBS_YEARBOOK,NBS_YEARBOOK,NBS_YEARBOOK_PARTIAL,NBS_YEARBOOK,Requires manual extraction from China Statistical Yearbook or EPS platform
Tianjin,2018,NBS_YEARBOOK,NBS_YEARBOOK,NBS_YEARBOOK,NBS_YEARBOOK,NBS_YEARBOOK_PARTIAL,NBS_YEARBOOK,Requires manual extraction from China Statistical Yearbook or EPS platform
Tianjin,2019,NBS_YEARBOOK,NBS_YEARBOOK,NBS_YEARBOOK,NBS_YEARBOOK,NBS_YEARBOOK_PARTIAL,NBS_YEARBOOK,Requires manual extraction from China Statistical Yearbook or EPS platform
Tianjin,2020,NBS_YEARBOOK,NBS_YEARBOOK,NBS_YEARBOOK,NBS_YEARBOOK,NBS_YEARBOOK_PARTIAL,NBS_YEARBOOK,Requires manual extraction from China Statistical Yearbook or EPS platform
Tianjin,2021,NBS_YEARBOOK,NBS_YEARBOOK,NBS_YEARBOOK,NBS_YEARBOOK,NBS_YEARBOOK_PARTIAL,NBS_YEARBOOK,Requires manual extraction from China Statistical Yearbook or EPS platform
Tianjin,2022,NBS_YEARBOOK,NBS_YEARBOOK,NBS_YEARBOOK,NBS_YEARBOOK,NBS_YEARBOOK_PARTIAL,NBS_YEARBOOK,Requires manual extraction from China Statistical Yearbook or EPS platform
Tianjin,2023,NBS_YEARBOOK,NBS_YEARBOOK,NBS_YEARBOOK,NBS_YEARBOOK,NBS_YEARBOOK_PARTIAL,NBS_YEARBOOK,Requires manual extraction from China Statistical Yearbook or EPS platform
Hebei,2011,NBS_YEARBOOK,NBS_YEARBOOK,NBS_YEARBOOK,NBS_YEARBOOK,NBS_YEARBOOK_PARTIAL,NBS_YEARBOOK,Requires manual extraction from China Statistical Yearbook or EPS platform
Hebei,2012,NBS_YEARBOOK,NBS_YEARBOOK,NBS_YEARBOOK,NBS_YEARBOOK,NBS_YEARBOOK_PARTIAL,NBS_YEARBOOK,Requires manual extraction from China Statistical Yearbook or EPS platform
Hebei,2013,NBS_YEARBOOK,NBS_YEARBOOK,NBS_YEARBOOK,NBS_YEARBOOK,NBS_YEARBOOK_PARTIAL,NBS_YEARBOOK,Requires manual extraction from China Statistical Yearbook or EPS platform
Hebei,2014,NBS_YEARBOOK,NBS_YEARBOOK,NBS_YEARBOOK,NBS_YEARBOOK,NBS_YEARBOOK_PARTIAL,NBS_YEARBOOK,Requires manual extraction from China Statistical Yearbook or EPS platform
Hebei,2015,NBS_YEARBOOK,NBS_YEARBOOK,NBS_YEARBOOK,NBS_YEARBOOK,NBS_YEARBOOK_PARTIAL,NBS_YEARBOOK,Requires manual extraction from China Statistical Yearbook or EPS platform
Hebei,2016,NBS_YEARBOOK,NBS_YEARBOOK,NBS_YEARBOOK,NBS_YEARBOOK,NBS_YEARBOOK_PARTIAL,NBS_YEARBOOK,Requires manual extraction from China Statistical Yearbook or EPS platform
Hebei,2017,NBS_YEARBOOK,NBS_YEARBOOK,NBS_YEARBOOK,NBS_YEARBOOK,NBS_YEARBOOK_PARTIAL,NBS_YEARBOOK,Requires manual extraction from China Statistical Yearbook or EPS platform
Hebei,2018,NBS_YEARBOOK,NBS_YEARBOOK,NBS_YEARBOOK,NBS_YEARBOOK,NBS_YEARBOOK_PARTIAL,NBS_YEARBOOK,Requires manual extraction from China Statistical Yearbook or EPS platform
Hebei,2019,NBS_YEARBOOK,NBS_YEARBOOK,NBS_YEARBOOK,NBS_YEARBOOK,NBS_YEARBOOK_PARTIAL,NBS_YEARBOOK,Requires manual extraction from China Statistical Yearbook or EPS platform
Hebei,2020,NBS_YEARBOOK,NBS_YEARBOOK,NBS_YEARBOOK,NBS_YEARBOOK,NBS_YEARBOOK_PARTIAL,NBS_YEARBOOK,Requires manual extraction from China Statistical Yearbook or EPS platform
Hebei,2021,NBS_YEARBOOK,NBS_YEARBOOK,NBS_YEARBOOK,NBS_YEARBOOK,NBS_YEARBOOK_PARTIAL,NBS_YEARBOOK,Requires manual extraction from China Statistical Yearbook or EPS platform
Hebei,2022,NBS_YEARBOOK,NBS_YEARBOOK,NBS_YEARBOOK,NBS_YEARBOOK,NBS_YEARBOOK_PARTIAL,NBS_YEARBOOK,Requires manual extraction from China Statistical Yearbook or EPS platform
Hebei,2023,NBS_YEARBOOK,NBS_YEARBOOK,NBS_YEARBOOK,NBS_YEARBOOK,NBS_YEARBOOK_PARTIAL,NBS_YEARBOOK,Requires manual extraction from China Statistical Yearbook or EPS platform
Shanxi,2011,NBS_YEARBOOK,NBS_YEARBOOK,NBS_YEARBOOK,NBS_YEARBOOK,NBS_YEARBOOK_PARTIAL,NBS_YEARBOOK,Requires manual extraction from China Statistical Yearbook or EPS platform
Shanxi,2012,NBS_YEARBOOK,NBS_YEARBOOK,NBS_YEARBOOK,NBS_YEARBOOK,NBS_YEARBOOK_PARTIAL,NBS_YEARBOOK,Requires manual extraction from China Statistical Yearbook or EPS platform
Shanxi,2013,NBS_YEARBOOK,NBS_YEARBOOK,NBS_YEARBOOK,NBS_YEARBOOK,NBS_YEARBOOK_PARTIAL,NBS_YEARBOOK,Requires manual extraction from China Statistical Yearbook or EPS platform
Shanxi,2014,NBS_YEARBOOK,NBS_YEARBOOK,NBS_YEARBOOK,NBS_YEARBOOK,NBS_YEARBOOK_PARTIAL,NBS_YEARBOOK,Requires manual extraction from China Statistical Yearbook or EPS platform
Shanxi,2015,NBS_YEARBOOK,NBS_YEARBOOK,NBS_YEARBOOK,NBS_YEARBOOK,NBS_YEARBOOK_PARTIAL,NBS_YEARBOOK,Requires manual extraction from China Statistical Yearbook or EPS platform
Shanxi,2016,NBS_YEARBOOK,NBS_YEARBOOK,NBS_YEARBOOK,NBS_YEARBOOK,NBS_YEARBOOK_PARTIAL,NBS_YEARBOOK,Requires manual extraction from China Statistical Yearbook or EPS platform
Shanxi,2017,NBS_YEARBOOK,NBS_YEARBOOK,NBS_YEARBOOK,NBS_YEARBOOK,NBS_YEARBOOK_PARTIAL,NBS_YEARBOOK,Requires manual extraction from China Statistical Yearbook or EPS platform
Shanxi,2018,NBS_YEARBOOK,NBS_YEARBOOK,NBS_YEARBOOK,NBS_YEARBOOK,NBS_YEARBOOK_PARTIAL,NBS_YEARBOOK,Requires manual extraction from China Statistical Yearbook or EPS platform
Shanxi,2019,NBS_YEARBOOK,NBS_YEARBOOK,NBS_YEARBOOK,NBS_YEARBOOK,NBS_YEARBOOK_PARTIAL,NBS_YEARBOOK,Requires manual extraction from China Statistical Yearbook or EPS platform
Shanxi,2020,NBS_YEARBOOK,NBS_YEARBOOK,NBS_YEARBOOK,NBS_YEARBOOK,NBS_YEARBOOK_PARTIAL,NBS_YEARBOOK,Requires manual extraction from China Statistical Yearbook or EPS platform
Shanxi,2021,NBS_YEARBOOK,NBS_YEARBOOK,NBS_YEARBOOK,NBS_YEARBOOK,NBS_YEARBOOK_PARTIAL,NBS_YEARBOOK,Requires manual extraction from China Statistical Yearbook or EPS platform
Shanxi,2022,NBS_YEARBOOK,NBS_YEARBOOK,NBS_YEARBOOK,NBS_YEARBOOK,NBS_YEARBOOK_PARTIAL,NBS_YEARBOOK,Requires manual extraction from China Statistical Yearbook or EPS platform
Shanxi,2023,NBS_YEARBOOK,NBS_YEARBOOK,NBS_YEARBOOK,NBS_YEARBOOK,NBS_YEARBOOK_PARTIAL,NBS_YEARBOOK,Requires manual extraction from China Statistical Yearbook or EPS platform
Inner Mongolia,2011,NBS_YEARBOOK,NBS_YEARBOOK,NBS_YEARBOOK,NBS_YEARBOOK,NBS_YEARBOOK_PARTIAL,NBS_YEARBOOK,Requires manual extraction from China Statistical Yearbook or EPS platform
Inner Mongolia,2012,NBS_YEARBOOK,NBS_YEARBOOK,NBS_YEARBOOK,NBS_YEARBOOK,NBS_YEARBOOK_PARTIAL,NBS_YEARBOOK,Requires manual extraction from China Statistical Yearbook or EPS platform
Inner Mongolia,2013,NBS_YEARBOOK,NBS_YEARBOOK,NBS_YEARBOOK,NBS_YEARBOOK,NBS_YEARBOOK_PARTIAL,NBS_YEARBOOK,Requires manual extraction from China Statistical Yearbook or EPS platform
Inner Mongolia,2014,NBS_YEARBOOK,NBS_YEARBOOK,NBS_YEARBOOK,NBS_YEARBOOK,NBS_YEARBOOK_PARTIAL,NBS_YEARBOOK,Requires manual extraction from China Statistical Yearbook or EPS platform
Inner Mongolia,2015,NBS_YEARBOOK,NBS_YEARBOOK,NBS_YEARBOOK,NBS_YEARBOOK,NBS_YEARBOOK_PARTIAL,NBS_YEARBOOK,Requires manual extraction from China Statistical Yearbook or EPS platform
Inner Mongolia,2016,NBS_YEARBOOK,NBS_YEARBOOK,NBS_YEARBOOK,NBS_YEARBOOK,NBS_YEARBOOK_PARTIAL,NBS_YEARBOOK,Requires manual extraction from China Statistical Yearbook or EPS platform
Inner Mongolia,2017,NBS_YEARBOOK,NBS_YEARBOOK,NBS_YEARBOOK,NBS_YEARBOOK,NBS_YEARBOOK_PARTIAL,NBS_YEARBOOK,Requires manual extraction from China Statistical Yearbook or EPS platform
Inner Mongolia,2018,NBS_YEARBOOK,NBS_YEARBOOK,NBS_YEARBOOK,NBS_YEARBOOK,NBS_YEARBOOK_PARTIAL,NBS_YEARBOOK,Requires manual extraction from China Statistical Yearbook or EPS platform
Inner Mongolia,2019,NBS_YEARBOOK,NBS_YEARBOOK,NBS_YEARBOOK,NBS_YEARBOOK,NBS_YEARBOOK_PARTIAL,NBS_YEARBOOK,Requires manual extraction from China Statistical Yearbook or EPS platform
Inner Mongolia,2020,NBS_YEARBOOK,NBS_YEARBOOK,NBS_YEARBOOK,NBS_YEARBOOK,NBS_YEARBOOK_PARTIAL,NBS_YEARBOOK,Requires manual extraction from China Statistical Yearbook or EPS platform
Inner Mongolia,2021,NBS_YEARBOOK,NBS_YEARBOOK,NBS_YEARBOOK,NBS_YEARBOOK,NBS_YEARBOOK_PARTIAL,NBS_YEARBOOK,Requires manual extraction from China Statistical Yearbook or EPS platform
Inner Mongolia,2022,NBS_YEARBOOK,NBS_YEARBOOK,NBS_YEARBOOK,NBS_YEARBOOK,NBS_YEARBOOK_PARTIAL,NBS_YEARBOOK,Requires manual extraction from China Statistical Yearbook or EPS platform
Inner Mongolia,2023,NBS_YEARBOOK,NBS_YEARBOOK,NBS_YEARBOOK,NBS_YEARBOOK,NBS_YEARBOOK_PARTIAL,NBS_YEARBOOK,Requires manual extraction from China Statistical Yearbook or EPS platform
Liaoning,2011,NBS_YEARBOOK,NBS_YEARBOOK,NBS_YEARBOOK,NBS_YEARBOOK,NBS_YEARBOOK_PARTIAL,NBS_YEARBOOK,Requires manual extraction from China Statistical Yearbook or EPS platform
Liaoning,2012,NBS_YEARBOOK,NBS_YEARBOOK,NBS_YEARBOOK,NBS_YEARBOOK,NBS_YEARBOOK_PARTIAL,NBS_YEARBOOK,Requires manual extraction from China Statistical Yearbook or EPS platform
Liaoning,2013,NBS_YEARBOOK,NBS_YEARBOOK,NBS_YEARBOOK,NBS_YEARBOOK,NBS_YEARBOOK_PARTIAL,NBS_YEARBOOK,Requires manual extraction from China Statistical Yearbook or EPS platform
Liaoning,2014,NBS_YEARBOOK,NBS_YEARBOOK,NBS_YEARBOOK,NBS_YEARBOOK,NBS_YEARBOOK_PARTIAL,NBS_YEARBOOK,Requires manual extraction from China Statistical Yearbook or EPS platform
Liaoning,2015,NBS_YEARBOOK,NBS_YEARBOOK,NBS_YEARBOOK,NBS_YEARBOOK,NBS_YEARBOOK_PARTIAL,NBS_YEARBOOK,Requires manual extraction from China Statistical Yearbook or EPS platform
Liaoning,2016,NBS_YEARBOOK,NBS_YEARBOOK,NBS_YEARBOOK,NBS_YEARBOOK,NBS_YEARBOOK_PARTIAL,NBS_YEARBOOK,Requires manual extraction from China Statistical Yearbook or EPS platform
Liaoning,2017,NBS_YEARBOOK,NBS_YEARBOOK,NBS_YEARBOOK,NBS_YEARBOOK,NBS_YEARBOOK_PARTIAL,NBS_YEARBOOK,Requires manual extraction from China Statistical Yearbook or EPS platform
Liaoning,2018,NBS_YEARBOOK,NBS_YEARBOOK,NBS_YEARBOOK,NBS_YEARBOOK,NBS_YEARBOOK_PARTIAL,NBS_YEARBOOK,Requires manual extraction from China Statistical Yearbook or EPS platform
Liaoning,2019,NBS_YEARBOOK,NBS_YEARBOOK,NBS_YEARBOOK,NBS_YEARBOOK,NBS_YEARBOOK_PARTIAL,NBS_YEARBOOK,Requires manual extraction from China Statistical Yearbook or EPS platform
Liaoning,2020,NBS_YEARBOOK,NBS_YEARBOOK,NBS_YEARBOOK,NBS_YEARBOOK,NBS_YEARBOOK_PARTIAL,NBS_YEARBOOK,Requires manual extraction from China Statistical Yearbook or EPS platform
Liaoning,2021,NBS_YEARBOOK,NBS_YEARBOOK,NBS_YEARBOOK,NBS_YEARBOOK,NBS_YEARBOOK_PARTIAL,NBS_YEARBOOK,Requires manual extraction from China Statistical Yearbook or EPS platform
Liaoning,2022,NBS_YEARBOOK,NBS_YEARBOOK,NBS_YEARBOOK,NBS_YEARBOOK,NBS_YEARBOOK_PARTIAL,NBS_YEARBOOK,Requires manual extraction from China Statistical Yearbook or EPS platform
Liaoning,2023,NBS_YEARBOOK,NBS_YEARBOOK,NBS_YEARBOOK,NBS_YEARBOOK,NBS_YEARBOOK_PARTIAL,NBS_YEARBOOK,Requires manual extraction from China Statistical Yearbook or EPS platform
Jilin,2011,NBS_YEARBOOK,NBS_YEARBOOK,NBS_YEARBOOK,NBS_YEARBOOK,NBS_YEARBOOK_PARTIAL,NBS_YEARBOOK,Requires manual extraction from China Statistical Yearbook or EPS platform
Jilin,2012,NBS_YEARBOOK,NBS_YEARBOOK,NBS_YEARBOOK,NBS_YEARBOOK,NBS_YEARBOOK_PARTIAL,NBS_YEARBOOK,Requires manual extraction from China Statistical Yearbook or EPS platform
Jilin,2013,NBS_YEARBOOK,NBS_YEARBOOK,NBS_YEARBOOK,NBS_YEARBOOK,NBS_YEARBOOK_PARTIAL,NBS_YEARBOOK,Requires manual extraction from China Statistical Yearbook or EPS platform
Jilin,2014,NBS_YEARBOOK,NBS_YEARBOOK,NBS_YEARBOOK,NBS_YEARBOOK,NBS_YEARBOOK_PARTIAL,NBS_YEARBOOK,Requires manual extraction from China Statistical Yearbook or EPS platform
Jilin,2015,NBS_YEARBOOK,NBS_YEARBOOK,NBS_YEARBOOK,NBS_YEARBOOK,NBS_YEARBOOK_PARTIAL,NBS_YEARBOOK,Requires manual extraction from China Statistical Yearbook or EPS platform
Jilin,2016,NBS_YEARBOOK,NBS_YEARBOOK,NBS_YEARBOOK,NBS_YEARBOOK,NBS_YEARBOOK_PARTIAL,NBS_YEARBOOK,Requires manual extraction from China Statistical Yearbook or EPS platform
Jilin,2017,NBS_YEARBOOK,NBS_YEARBOOK,NBS_YEARBOOK,NBS_YEARBOOK,NBS_YEARBOOK_PARTIAL,NBS_YEARBOOK,Requires manual extraction from China Statistical Yearbook or EPS platform
Jilin,2018,NBS_YEARBOOK,NBS_YEARBOOK,NBS_YEARBOOK,NBS_YEARBOOK,NBS_YEARBOOK_PARTIAL,NBS_YEARBOOK,Requires manual extraction from China Statistical Yearbook or EPS platform
Jilin,2019,NBS_YEARBOOK,NBS_YEARBOOK,NBS_YEARBOOK,NBS_YEARBOOK,NBS_YEARBOOK_PARTIAL,NBS_YEARBOOK,Requires manual extraction from China Statistical Yearbook or EPS platform
Jilin,2020,NBS_YEARBOOK,NBS_YEARBOOK,NBS_YEARBOOK,NBS_YEARBOOK,NBS_YEARBOOK_PARTIAL,NBS_YEARBOOK,Requires manual extraction from China Statistical Yearbook or EPS platform
Jilin,2021,NBS_YEARBOOK,NBS_YEARBOOK,NBS_YEARBOOK,NBS_YEARBOOK,NBS_YEARBOOK_PARTIAL,NBS_YEARBOOK,Requires manual extraction from China Statistical Yearbook or EPS platform
Jilin,2022,NBS_YEARBOOK,NBS_YEARBOOK,NBS_YEARBOOK,NBS_YEARBOOK,NBS_YEARBOOK_PARTIAL,NBS_YEARBOOK,Requires manual extraction from China Statistical Yearbook or EPS platform
Jilin,2023,NBS_YEARBOOK,NBS_YEARBOOK,NBS_YEARBOOK,NBS_YEARBOOK,NBS_YEARBOOK_PARTIAL,NBS_YEARBOOK,Requires manual extraction from China Statistical Yearbook or EPS platform
Heilongjiang,2011,NBS_YEARBOOK,NBS_YEARBOOK,NBS_YEARBOOK,NBS_YEARBOOK,NBS_YEARBOOK_PARTIAL,NBS_YEARBOOK,Requires manual extraction from China Statistical Yearbook or EPS platform
Heilongjiang,2012,NBS_YEARBOOK,NBS_YEARBOOK,NBS_YEARBOOK,NBS_YEARBOOK,NBS_YEARBOOK_PARTIAL,NBS_YEARBOOK,Requires manual extraction from China Statistical Yearbook or EPS platform
Heilongjiang,2013,NBS_YEARBOOK,NBS_YEARBOOK,NBS_YEARBOOK,NBS_YEARBOOK,NBS_YEARBOOK_PARTIAL,NBS_YEARBOOK,Requires manual extraction from China Statistical Yearbook or EPS platform
Heilongjiang,2014,NBS_YEARBOOK,NBS_YEARBOOK,NBS_YEARBOOK,NBS_YEARBOOK,NBS_YEARBOOK_PARTIAL,NBS_YEARBOOK,Requires manual extraction from China Statistical Yearbook or EPS platform
Heilongjiang,2015,NBS_YEARBOOK,NBS_YEARBOOK,NBS_YEARBOOK,NBS_YEARBOOK,NBS_YEARBOOK_PARTIAL,NBS_YEARBOOK,Requires manual extraction from China Statistical Yearbook or EPS platform
Heilongjiang,2016,NBS_YEARBOOK,NBS_YEARBOOK,NBS_YEARBOOK,NBS_YEARBOOK,NBS_YEARBOOK_PARTIAL,NBS_YEARBOOK,Requires manual extraction from China Statistical Yearbook or EPS platform
Heilongjiang,2017,NBS_YEARBOOK,NBS_YEARBOOK,NBS_YEARBOOK,NBS_YEARBOOK,NBS_YEARBOOK_PARTIAL,NBS_YEARBOOK,Requires manual extraction from China Statistical Yearbook or EPS platform
Heilongjiang,2018,NBS_YEARBOOK,NBS_YEARBOOK,NBS_YEARBOOK,NBS_YEARBOOK,NBS_YEARBOOK_PARTIAL,NBS_YEARBOOK,Requires manual extraction from China Statistical Yearbook or EPS platform
Heilongjiang,2019,NBS_YEARBOOK,NBS_YEARBOOK,NBS_YEARBOOK,NBS_YEARBOOK,NBS_YEARBOOK_PARTIAL,NBS_YEARBOOK,Requires manual extraction from China Statistical Yearbook or EPS platform
Heilongjiang,2020,NBS_YEARBOOK,NBS_YEARBOOK,NBS_YEARBOOK,NBS_YEARBOOK,NBS_YEARBOOK_PARTIAL,NBS_YEARBOOK,Requires manual extraction from China Statistical Yearbook or EPS platform
Heilongjiang,2021,NBS_YEARBOOK,NBS_YEARBOOK,NBS_YEARBOOK,NBS_YEARBOOK,NBS_YEARBOOK_PARTIAL,NBS_YEARBOOK,Requires manual extraction from China Statistical Yearbook or EPS platform
Heilongjiang,2022,NBS_YEARBOOK,NBS_YEARBOOK,NBS_YEARBOOK,NBS_YEARBOOK,NBS_YEARBOOK_PARTIAL,NBS_YEARBOOK,Requires manual extraction from China Statistical Yearbook or EPS platform
Heilongjiang,2023,NBS_YEARBOOK,NBS_YEARBOOK,NBS_YEARBOOK,NBS_YEARBOOK,NBS_YEARBOOK_PARTIAL,NBS_YEARBOOK,Requires manual extraction from China Statistical Yearbook or EPS platform
Shanghai,2011,NBS_YEARBOOK,NBS_YEARBOOK,NBS_YEARBOOK,NBS_YEARBOOK,NBS_YEARBOOK_PARTIAL,NBS_YEARBOOK,Requires manual extraction from China Statistical Yearbook or EPS platform
Shanghai,2012,NBS_YEARBOOK,NBS_YEARBOOK,NBS_YEARBOOK,NBS_YEARBOOK,NBS_YEARBOOK_PARTIAL,NBS_YEARBOOK,Requires manual extraction from China Statistical Yearbook or EPS platform
Shanghai,2013,NBS_YEARBOOK,NBS_YEARBOOK,NBS_YEARBOOK,NBS_YEARBOOK,NBS_YEARBOOK_PARTIAL,NBS_YEARBOOK,Requires manual extraction from China Statistical Yearbook or EPS platform
Shanghai,2014,NBS_YEARBOOK,NBS_YEARBOOK,NBS_YEARBOOK,NBS_YEARBOOK,NBS_YEARBOOK_PARTIAL,NBS_YEARBOOK,Requires manual extraction from China Statistical Yearbook or EPS platform
Shanghai,2015,NBS_YEARBOOK,NBS_YEARBOOK,NBS_YEARBOOK,NBS_YEARBOOK,NBS_YEARBOOK_PARTIAL,NBS_YEARBOOK,Requires manual extraction from China Statistical Yearbook or EPS platform
Shanghai,2016,NBS_YEARBOOK,NBS_YEARBOOK,NBS_YEARBOOK,NBS_YEARBOOK,NBS_YEARBOOK_PARTIAL,NBS_YEARBOOK,Requires manual extraction from China Statistical Yearbook or EPS platform
Shanghai,2017,NBS_YEARBOOK,NBS_YEARBOOK,NBS_YEARBOOK,NBS_YEARBOOK,NBS_YEARBOOK_PARTIAL,NBS_YEARBOOK,Requires manual extraction from China Statistical Yearbook or EPS platform
Shanghai,2018,NBS_YEARBOOK,NBS_YEARBOOK,NBS_YEARBOOK,NBS_YEARBOOK,NBS_YEARBOOK_PARTIAL,NBS_YEARBOOK,Requires manual extraction from China Statistical Yearbook or EPS platform
Shanghai,2019,NBS_YEARBOOK,NBS_YEARBOOK,NBS_YEARBOOK,NBS_YEARBOOK,NBS_YEARBOOK_PARTIAL,NBS_YEARBOOK,Requires manual extraction from China Statistical Yearbook or EPS platform
Shanghai,2020,NBS_YEARBOOK,NBS_YEARBOOK,NBS_YEARBOOK,NBS_YEARBOOK,NBS_YEARBOOK_PARTIAL,NBS_YEARBOOK,Requires manual extraction from China Statistical Yearbook or EPS platform
Shanghai,2021,NBS_YEARBOOK,NBS_YEARBOOK,NBS_YEARBOOK,NBS_YEARBOOK,NBS_YEARBOOK_PARTIAL,NBS_YEARBOOK,Requires manual extraction from China Statistical Yearbook or EPS platform
Shanghai,2022,NBS_YEARBOOK,NBS_YEARBOOK,NBS_YEARBOOK,NBS_YEARBOOK,NBS_YEARBOOK_PARTIAL,NBS_YEARBOOK,Requires manual extraction from China Statistical Yearbook or EPS platform
Shanghai,2023,NBS_YEARBOOK,NBS_YEARBOOK,NBS_YEARBOOK,NBS_YEARBOOK,NBS_YEARBOOK_PARTIAL,NBS_YEARBOOK,Requires manual extraction from China Statistical Yearbook or EPS platform
Jiangsu,2011,NBS_YEARBOOK,NBS_YEARBOOK,NBS_YEARBOOK,NBS_YEARBOOK,NBS_YEARBOOK_PARTIAL,NBS_YEARBOOK,Requires manual extraction from China Statistical Yearbook or EPS platform
Jiangsu,2012,NBS_YEARBOOK,NBS_YEARBOOK,NBS_YEARBOOK,NBS_YEARBOOK,NBS_YEARBOOK_PARTIAL,NBS_YEARBOOK,Requires manual extraction from China Statistical Yearbook or EPS platform
Jiangsu,2013,NBS_YEARBOOK,NBS_YEARBOOK,NBS_YEARBOOK,NBS_YEARBOOK,NBS_YEARBOOK_PARTIAL,NBS_YEARBOOK,Requires manual extraction from China Statistical Yearbook or EPS platform
Jiangsu,2014,NBS_YEARBOOK,NBS_YEARBOOK,NBS_YEARBOOK,NBS_YEARBOOK,NBS_YEARBOOK_PARTIAL,NBS_YEARBOOK,Requires manual extraction from China Statistical Yearbook or EPS platform
Jiangsu,2015,NBS_YEARBOOK,NBS_YEARBOOK,NBS_YEARBOOK,NBS_YEARBOOK,NBS_YEARBOOK_PARTIAL,NBS_YEARBOOK,Requires manual extraction from China Statistical Yearbook or EPS platform
Jiangsu,2016,NBS_YEARBOOK,NBS_YEARBOOK,NBS_YEARBOOK,NBS_YEARBOOK,NBS_YEARBOOK_PARTIAL,NBS_YEARBOOK,Requires manual extraction from China Statistical Yearbook or EPS platform
Jiangsu,2017,NBS_YEARBOOK,NBS_YEARBOOK,NBS_YEARBOOK,NBS_YEARBOOK,NBS_YEARBOOK_PARTIAL,NBS_YEARBOOK,Requires manual extraction from China Statistical Yearbook or EPS platform
Jiangsu,2018,NBS_YEARBOOK,NBS_YEARBOOK,NBS_YEARBOOK,NBS_YEARBOOK,NBS_YEARBOOK_PARTIAL,NBS_YEARBOOK,Requires manual extraction from China Statistical Yearbook or EPS platform
Jiangsu,2019,NBS_YEARBOOK,NBS_YEARBOOK,NBS_YEARBOOK,NBS_YEARBOOK,NBS_YEARBOOK_PARTIAL,NBS_YEARBOOK,Requires manual extraction from China Statistical Yearbook or EPS platform
Jiangsu,2020,NBS_YEARBOOK,NBS_YEARBOOK,NBS_YEARBOOK,NBS_YEARBOOK,NBS_YEARBOOK_PARTIAL,NBS_YEARBOOK,Requires manual extraction from China Statistical Yearbook or EPS platform
Jiangsu,2021,NBS_YEARBOOK,NBS_YEARBOOK,NBS_YEARBOOK,NBS_YEARBOOK,NBS_YEARBOOK_PARTIAL,NBS_YEARBOOK,Requires manual extraction from China Statistical Yearbook or EPS platform
Jiangsu,2022,NBS_YEARBOOK,NBS_YEARBOOK,NBS_YEARBOOK,NBS_YEARBOOK,NBS_YEARBOOK_PARTIAL,NBS_YEARBOOK,Requires manual extraction from China Statistical Yearbook or EPS platform
Jiangsu,2023,NBS_YEARBOOK,NBS_YEARBOOK,NBS_YEARBOOK,NBS_YEARBOOK,NBS_YEARBOOK_PARTIAL,NBS_YEARBOOK,Requires manual extraction from China Statistical Yearbook or EPS platform
Zhejiang,2011,NBS_YEARBOOK,NBS_YEARBOOK,NBS_YEARBOOK,NBS_YEARBOOK,NBS_YEARBOOK_PARTIAL,NBS_YEARBOOK,Requires manual extraction from China Statistical Yearbook or EPS platform
Zhejiang,2012,NBS_YEARBOOK,NBS_YEARBOOK,NBS_YEARBOOK,NBS_YEARBOOK,NBS_YEARBOOK_PARTIAL,NBS_YEARBOOK,Requires manual extraction from China Statistical Yearbook or EPS platform
Zhejiang,2013,NBS_YEARBOOK,NBS_YEARBOOK,NBS_YEARBOOK,NBS_YEARBOOK,NBS_YEARBOOK_PARTIAL,NBS_YEARBOOK,Requires manual extraction from China Statistical Yearbook or EPS platform
Zhejiang,2014,NBS_YEARBOOK,NBS_YEARBOOK,NBS_YEARBOOK,NBS_YEARBOOK,NBS_YEARBOOK_PARTIAL,NBS_YEARBOOK,Requires manual extraction from China Statistical Yearbook or EPS platform
Zhejiang,2015,NBS_YEARBOOK,NBS_YEARBOOK,NBS_YEARBOOK,NBS_YEARBOOK,NBS_YEARBOOK_PARTIAL,NBS_YEARBOOK,Requires manual extraction from China Statistical Yearbook or EPS platform
Zhejiang,2016,NBS_YEARBOOK,NBS_YEARBOOK,NBS_YEARBOOK,NBS_YEARBOOK,NBS_YEARBOOK_PARTIAL,NBS_YEARBOOK,Requires manual extraction from China Statistical Yearbook or EPS platform
Zhejiang,2017,NBS_YEARBOOK,NBS_YEARBOOK,NBS_YEARBOOK,NBS_YEARBOOK,NBS_YEARBOOK_PARTIAL,NBS_YEARBOOK,Requires manual extraction from China Statistical Yearbook or EPS platform
Zhejiang,2018,NBS_YEARBOOK,NBS_YEARBOOK,NBS_YEARBOOK,NBS_YEARBOOK,NBS_YEARBOOK_PARTIAL,NBS_YEARBOOK,Requires manual extraction from China Statistical Yearbook or EPS platform
Zhejiang,2019,NBS_YEARBOOK,NBS_YEARBOOK,NBS_YEARBOOK,NBS_YEARBOOK,NBS_YEARBOOK_PARTIAL,NBS_YEARBOOK,Requires manual extraction from China Statistical Yearbook or EPS platform
Zhejiang,2020,NBS_YEARBOOK,NBS_YEARBOOK,NBS_YEARBOOK,NBS_YEARBOOK,NBS_YEARBOOK_PARTIAL,NBS_YEARBOOK,Requires manual extraction from China Statistical Yearbook or EPS platform
Zhejiang,2021,NBS_YEARBOOK,NBS_YEARBOOK,NBS_YEARBOOK,NBS_YEARBOOK,NBS_YEARBOOK_PARTIAL,NBS_YEARBOOK,Requires manual extraction from China Statistical Yearbook or EPS platform
Zhejiang,2022,NBS_YEARBOOK,NBS_YEARBOOK,NBS_YEARBOOK,NBS_YEARBOOK,NBS_YEARBOOK_PARTIAL,NBS_YEARBOOK,Requires manual extraction from China Statistical Yearbook or EPS platform
Zhejiang,2023,NBS_YEARBOOK,NBS_YEARBOOK,NBS_YEARBOOK,NBS_YEARBOOK,NBS_YEARBOOK_PARTIAL,NBS_YEARBOOK,Requires manual extraction from China Statistical Yearbook or EPS platform
Anhui,2011,NBS_YEARBOOK,NBS_YEARBOOK,NBS_YEARBOOK,NBS_YEARBOOK,NBS_YEARBOOK_PARTIAL,NBS_YEARBOOK,Requires manual extraction from China Statistical Yearbook or EPS platform
Anhui,2012,NBS_YEARBOOK,NBS_YEARBOOK,NBS_YEARBOOK,NBS_YEARBOOK,NBS_YEARBOOK_PARTIAL,NBS_YEARBOOK,Requires manual extraction from China Statistical Yearbook or EPS platform
Anhui,2013,NBS_YEARBOOK,NBS_YEARBOOK,NBS_YEARBOOK,NBS_YEARBOOK,NBS_YEARBOOK_PARTIAL,NBS_YEARBOOK,Requires manual extraction from China Statistical Yearbook or EPS platform
Anhui,2014,NBS_YEARBOOK,NBS_YEARBOOK,NBS_YEARBOOK,NBS_YEARBOOK,NBS_YEARBOOK_PARTIAL,NBS_YEARBOOK,Requires manual extraction from China Statistical Yearbook or EPS platform
Anhui,2015,NBS_YEARBOOK,NBS_YEARBOOK,NBS_YEARBOOK,NBS_YEARBOOK,NBS_YEARBOOK_PARTIAL,NBS_YEARBOOK,Requires manual extraction from China Statistical Yearbook or EPS platform
Anhui,2016,NBS_YEARBOOK,NBS_YEARBOOK,NBS_YEARBOOK,NBS_YEARBOOK,NBS_YEARBOOK_PARTIAL,NBS_YEARBOOK,Requires manual extraction from China Statistical Yearbook or EPS platform
Anhui,2017,NBS_YEARBOOK,NBS_YEARBOOK,NBS_YEARBOOK,NBS_YEARBOOK,NBS_YEARBOOK_PARTIAL,NBS_YEARBOOK,Requires manual extraction from China Statistical Yearbook or EPS platform
Anhui,2018,NBS_YEARBOOK,NBS_YEARBOOK,NBS_YEARBOOK,NBS_YEARBOOK,NBS_YEARBOOK_PARTIAL,NBS_YEARBOOK,Requires manual extraction from China Statistical Yearbook or EPS platform
Anhui,2019,NBS_YEARBOOK,NBS_YEARBOOK,NBS_YEARBOOK,NBS_YEARBOOK,NBS_YEARBOOK_PARTIAL,NBS_YEARBOOK,Requires manual extraction from China Statistical Yearbook or EPS platform
Anhui,2020,NBS_YEARBOOK,NBS_YEARBOOK,NBS_YEARBOOK,NBS_YEARBOOK,NBS_YEARBOOK_PARTIAL,NBS_YEARBOOK,Requires manual extraction from China Statistical Yearbook or EPS platform
Anhui,2021,NBS_YEARBOOK,NBS_YEARBOOK,NBS_YEARBOOK,NBS_YEARBOOK,NBS_YEARBOOK_PARTIAL,NBS_YEARBOOK,Requires manual extraction from China Statistical Yearbook or EPS platform
Anhui,2022,NBS_YEARBOOK,NBS_YEARBOOK,NBS_YEARBOOK,NBS_YEARBOOK,NBS_YEARBOOK_PARTIAL,NBS_YEARBOOK,Requires manual extraction from China Statistical Yearbook or EPS platform
Anhui,2023,NBS_YEARBOOK,NBS_YEARBOOK,NBS_YEARBOOK,NBS_YEARBOOK,NBS_YEARBOOK_PARTIAL,NBS_YEARBOOK,Requires manual extraction from China Statistical Yearbook or EPS platform
Fujian,2011,NBS_YEARBOOK,NBS_YEARBOOK,NBS_YEARBOOK,NBS_YEARBOOK,NBS_YEARBOOK_PARTIAL,NBS_YEARBOOK,Requires manual extraction from China Statistical Yearbook or EPS platform
Fujian,2012,NBS_YEARBOOK,NBS_YEARBOOK,NBS_YEARBOOK,NBS_YEARBOOK,NBS_YEARBOOK_PARTIAL,NBS_YEARBOOK,Requires manual extraction from China Statistical Yearbook or EPS platform
Fujian,2013,NBS_YEARBOOK,NBS_YEARBOOK,NBS_YEARBOOK,NBS_YEARBOOK,NBS_YEARBOOK_PARTIAL,NBS_YEARBOOK,Requires manual extraction from China Statistical Yearbook or EPS platform
Fujian,2014,NBS_YEARBOOK,NBS_YEARBOOK,NBS_YEARBOOK,NBS_YEARBOOK,NBS_YEARBOOK_PARTIAL,NBS_YEARBOOK,Requires manual extraction from China Statistical Yearbook or EPS platform
Fujian,2015,NBS_YEARBOOK,NBS_YEARBOOK,NBS_YEARBOOK,NBS_YEARBOOK,NBS_YEARBOOK_PARTIAL,NBS_YEARBOOK,Requires manual extraction from China Statistical Yearbook or EPS platform
Fujian,2016,NBS_YEARBOOK,NBS_YEARBOOK,NBS_YEARBOOK,NBS_YEARBOOK,NBS_YEARBOOK_PARTIAL,NBS_YEARBOOK,Requires manual extraction from China Statistical Yearbook or EPS platform
Fujian,2017,NBS_YEARBOOK,NBS_YEARBOOK,NBS_YEARBOOK,NBS_YEARBOOK,NBS_YEARBOOK_PARTIAL,NBS_YEARBOOK,Requires manual extraction from China Statistical Yearbook or EPS platform
Fujian,2018,NBS_YEARBOOK,NBS_YEARBOOK,NBS_YEARBOOK,NBS_YEARBOOK,NBS_YEARBOOK_PARTIAL,NBS_YEARBOOK,Requires manual extraction from China Statistical Yearbook or EPS platform
Fujian,2019,NBS_YEARBOOK,NBS_YEARBOOK,NBS_YEARBOOK,NBS_YEARBOOK,NBS_YEARBOOK_PARTIAL,NBS_YEARBOOK,Requires manual extraction from China Statistical Yearbook or EPS platform
Fujian,2020,NBS_YEARBOOK,NBS_YEARBOOK,NBS_YEARBOOK,NBS_YEARBOOK,NBS_YEARBOOK_PARTIAL,NBS_YEARBOOK,Requires manual extraction from China Statistical Yearbook or EPS platform
Fujian,2021,NBS_YEARBOOK,NBS_YEARBOOK,NBS_YEARBOOK,NBS_YEARBOOK,NBS_YEARBOOK_PARTIAL,NBS_YEARBOOK,Requires manual extraction from China Statistical Yearbook or EPS platform
Fujian,2022,NBS_YEARBOOK,NBS_YEARBOOK,NBS_YEARBOOK,NBS_YEARBOOK,NBS_YEARBOOK_PARTIAL,NBS_YEARBOOK,Requires manual extraction from China Statistical Yearbook or EPS platform
Fujian,2023,NBS_YEARBOOK,NBS_YEARBOOK,NBS_YEARBOOK,NBS_YEARBOOK,NBS_YEARBOOK_PARTIAL,NBS_YEARBOOK,Requires manual extraction from China Statistical Yearbook or EPS platform
Jiangxi,2011,NBS_YEARBOOK,NBS_YEARBOOK,NBS_YEARBOOK,NBS_YEARBOOK,NBS_YEARBOOK_PARTIAL,NBS_YEARBOOK,Requires manual extraction from China Statistical Yearbook or EPS platform
Jiangxi,2012,NBS_YEARBOOK,NBS_YEARBOOK,NBS_YEARBOOK,NBS_YEARBOOK,NBS_YEARBOOK_PARTIAL,NBS_YEARBOOK,Requires manual extraction from China Statistical Yearbook or EPS platform
Jiangxi,2013,NBS_YEARBOOK,NBS_YEARBOOK,NBS_YEARBOOK,NBS_YEARBOOK,NBS_YEARBOOK_PARTIAL,NBS_YEARBOOK,Requires manual extraction from China Statistical Yearbook or EPS platform
Jiangxi,2014,NBS_YEARBOOK,NBS_YEARBOOK,NBS_YEARBOOK,NBS_YEARBOOK,NBS_YEARBOOK_PARTIAL,NBS_YEARBOOK,Requires manual extraction from China Statistical Yearbook or EPS platform
Jiangxi,2015,NBS_YEARBOOK,NBS_YEARBOOK,NBS_YEARBOOK,NBS_YEARBOOK,NBS_YEARBOOK_PARTIAL,NBS_YEARBOOK,Requires manual extraction from China Statistical Yearbook or EPS platform
Jiangxi,2016,NBS_YEARBOOK,NBS_YEARBOOK,NBS_YEARBOOK,NBS_YEARBOOK,NBS_YEARBOOK_PARTIAL,NBS_YEARBOOK,Requires manual extraction from China Statistical Yearbook or EPS platform
Jiangxi,2017,NBS_YEARBOOK,NBS_YEARBOOK,NBS_YEARBOOK,NBS_YEARBOOK,NBS_YEARBOOK_PARTIAL,NBS_YEARBOOK,Requires manual extraction from China Statistical Yearbook or EPS platform
Jiangxi,2018,NBS_YEARBOOK,NBS_YEARBOOK,NBS_YEARBOOK,NBS_YEARBOOK,NBS_YEARBOOK_PARTIAL,NBS_YEARBOOK,Requires manual extraction from China Statistical Yearbook or EPS platform
Jiangxi,2019,NBS_YEARBOOK,NBS_YEARBOOK,NBS_YEARBOOK,NBS_YEARBOOK,NBS_YEARBOOK_PARTIAL,NBS_YEARBOOK,Requires manual extraction from China Statistical Yearbook or EPS platform
Jiangxi,2020,NBS_YEARBOOK,NBS_YEARBOOK,NBS_YEARBOOK,NBS_YEARBOOK,NBS_YEARBOOK_PARTIAL,NBS_YEARBOOK,Requires manual extraction from China Statistical Yearbook or EPS platform
Jiangxi,2021,NBS_YEARBOOK,NBS_YEARBOOK,NBS_YEARBOOK,NBS_YEARBOOK,NBS_YEARBOOK_PARTIAL,NBS_YEARBOOK,Requires manual extraction from China Statistical Yearbook or EPS platform
Jiangxi,2022,NBS_YEARBOOK,NBS_YEARBOOK,NBS_YEARBOOK,NBS_YEARBOOK,NBS_YEARBOOK_PARTIAL,NBS_YEARBOOK,Requires manual extraction from China Statistical Yearbook or EPS platform
Jiangxi,2023,NBS_YEARBOOK,NBS_YEARBOOK,NBS_YEARBOOK,NBS_YEARBOOK,NBS_YEARBOOK_PARTIAL,NBS_YEARBOOK,Requires manual extraction from China Statistical Yearbook or EPS platform
Shandong,2011,NBS_YEARBOOK,NBS_YEARBOOK,NBS_YEARBOOK,NBS_YEARBOOK,NBS_YEARBOOK_PARTIAL,NBS_YEARBOOK,Requires manual extraction from China Statistical Yearbook or EPS platform
Shandong,2012,NBS_YEARBOOK,NBS_YEARBOOK,NBS_YEARBOOK,NBS_YEARBOOK,NBS_YEARBOOK_PARTIAL,NBS_YEARBOOK,Requires manual extraction from China Statistical Yearbook or EPS platform
Shandong,2013,NBS_YEARBOOK,NBS_YEARBOOK,NBS_YEARBOOK,NBS_YEARBOOK,NBS_YEARBOOK_PARTIAL,NBS_YEARBOOK,Requires manual extraction from China Statistical Yearbook or EPS platform
Shandong,2014,NBS_YEARBOOK,NBS_YEARBOOK,NBS_YEARBOOK,NBS_YEARBOOK,NBS_YEARBOOK_PARTIAL,NBS_YEARBOOK,Requires manual extraction from China Statistical Yearbook or EPS platform
Shandong,2015,NBS_YEARBOOK,NBS_YEARBOOK,NBS_YEARBOOK,NBS_YEARBOOK,NBS_YEARBOOK_PARTIAL,NBS_YEARBOOK,Requires manual extraction from China Statistical Yearbook or EPS platform
Shandong,2016,NBS_YEARBOOK,NBS_YEARBOOK,NBS_YEARBOOK,NBS_YEARBOOK,NBS_YEARBOOK_PARTIAL,NBS_YEARBOOK,Requires manual extraction from China Statistical Yearbook or EPS platform
Shandong,2017,NBS_YEARBOOK,NBS_YEARBOOK,NBS_YEARBOOK,NBS_YEARBOOK,NBS_YEARBOOK_PARTIAL,NBS_YEARBOOK,Requires manual extraction from China Statistical Yearbook or EPS platform
Shandong,2018,NBS_YEARBOOK,NBS_YEARBOOK,NBS_YEARBOOK,NBS_YEARBOOK,NBS_YEARBOOK_PARTIAL,NBS_YEARBOOK,Requires manual extraction from China Statistical Yearbook or EPS platform
Shandong,2019,NBS_YEARBOOK,NBS_YEARBOOK,NBS_YEARBOOK,NBS_YEARBOOK,NBS_YEARBOOK_PARTIAL,NBS_YEARBOOK,Requires manual extraction from China Statistical Yearbook or EPS platform
Shandong,2020,NBS_YEARBOOK,NBS_YEARBOOK,NBS_YEARBOOK,NBS_YEARBOOK,NBS_YEARBOOK_PARTIAL,NBS_YEARBOOK,Requires manual extraction from China Statistical Yearbook or EPS platform
Shandong,2021,NBS_YEARBOOK,NBS_YEARBOOK,NBS_YEARBOOK,NBS_YEARBOOK,NBS_YEARBOOK_PARTIAL,NBS_YEARBOOK,Requires manual extraction from China Statistical Yearbook or EPS platform
Shandong,2022,NBS_YEARBOOK,NBS_YEARBOOK,NBS_YEARBOOK,NBS_YEARBOOK,NBS_YEARBOOK_PARTIAL,NBS_YEARBOOK,Requires manual extraction from China Statistical Yearbook or EPS platform
Shandong,2023,NBS_YEARBOOK,NBS_YEARBOOK,NBS_YEARBOOK,NBS_YEARBOOK,NBS_YEARBOOK_PARTIAL,NBS_YEARBOOK,Requires manual extraction from China Statistical Yearbook or EPS platform
Henan,2011,NBS_YEARBOOK,NBS_YEARBOOK,NBS_YEARBOOK,NBS_YEARBOOK,NBS_YEARBOOK_PARTIAL,NBS_YEARBOOK,Requires manual extraction from China Statistical Yearbook or EPS platform
Henan,2012,NBS_YEARBOOK,NBS_YEARBOOK,NBS_YEARBOOK,NBS_YEARBOOK,NBS_YEARBOOK_PARTIAL,NBS_YEARBOOK,Requires manual extraction from China Statistical Yearbook or EPS platform
Henan,2013,NBS_YEARBOOK,NBS_YEARBOOK,NBS_YEARBOOK,NBS_YEARBOOK,NBS_YEARBOOK_PARTIAL,NBS_YEARBOOK,Requires manual extraction from China Statistical Yearbook or EPS platform
Henan,2014,NBS_YEARBOOK,NBS_YEARBOOK,NBS_YEARBOOK,NBS_YEARBOOK,NBS_YEARBOOK_PARTIAL,NBS_YEARBOOK,Requires manual extraction from China Statistical Yearbook or EPS platform
Henan,2015,NBS_YEARBOOK,NBS_YEARBOOK,NBS_YEARBOOK,NBS_YEARBOOK,NBS_YEARBOOK_PARTIAL,NBS_YEARBOOK,Requires manual extraction from China Statistical Yearbook or EPS platform
Henan,2016,NBS_YEARBOOK,NBS_YEARBOOK,NBS_YEARBOOK,NBS_YEARBOOK,NBS_YEARBOOK_PARTIAL,NBS_YEARBOOK,Requires manual extraction from China Statistical Yearbook or EPS platform
Henan,2017,NBS_YEARBOOK,NBS_YEARBOOK,NBS_YEARBOOK,NBS_YEARBOOK,NBS_YEARBOOK_PARTIAL,NBS_YEARBOOK,Requires manual extraction from China Statistical Yearbook or EPS platform
Henan,2018,NBS_YEARBOOK,NBS_YEARBOOK,NBS_YEARBOOK,NBS_YEARBOOK,NBS_YEARBOOK_PARTIAL,NBS_YEARBOOK,Requires manual extraction from China Statistical Yearbook or EPS platform
Henan,2019,NBS_YEARBOOK,NBS_YEARBOOK,NBS_YEARBOOK,NBS_YEARBOOK,NBS_YEARBOOK_PARTIAL,NBS_YEARBOOK,Requires manual extraction from China Statistical Yearbook or EPS platform
Henan,2020,NBS_YEARBOOK,NBS_YEARBOOK,NBS_YEARBOOK,NBS_YEARBOOK,NBS_YEARBOOK_PARTIAL,NBS_YEARBOOK,Requires manual extraction from China Statistical Yearbook or EPS platform
Henan,2021,NBS_YEARBOOK,NBS_YEARBOOK,NBS_YEARBOOK,NBS_YEARBOOK,NBS_YEARBOOK_PARTIAL,NBS_YEARBOOK,Requires manual extraction from China Statistical Yearbook or EPS platform
Henan,2022,NBS_YEARBOOK,NBS_YEARBOOK,NBS_YEARBOOK,NBS_YEARBOOK,NBS_YEARBOOK_PARTIAL,NBS_YEARBOOK,Requires manual extraction from China Statistical Yearbook or EPS platform
Henan,2023,NBS_YEARBOOK,NBS_YEARBOOK,NBS_YEARBOOK,NBS_YEARBOOK,NBS_YEARBOOK_PARTIAL,NBS_YEARBOOK,Requires manual extraction from China Statistical Yearbook or EPS platform
Hubei,2011,NBS_YEARBOOK,NBS_YEARBOOK,NBS_YEARBOOK,NBS_YEARBOOK,NBS_YEARBOOK_PARTIAL,NBS_YEARBOOK,Requires manual extraction from China Statistical Yearbook or EPS platform
Hubei,2012,NBS_YEARBOOK,NBS_YEARBOOK,NBS_YEARBOOK,NBS_YEARBOOK,NBS_YEARBOOK_PARTIAL,NBS_YEARBOOK,Requires manual extraction from China Statistical Yearbook or EPS platform
Hubei,2013,NBS_YEARBOOK,NBS_YEARBOOK,NBS_YEARBOOK,NBS_YEARBOOK,NBS_YEARBOOK_PARTIAL,NBS_YEARBOOK,Requires manual extraction from China Statistical Yearbook or EPS platform
Hubei,2014,NBS_YEARBOOK,NBS_YEARBOOK,NBS_YEARBOOK,NBS_YEARBOOK,NBS_YEARBOOK_PARTIAL,NBS_YEARBOOK,Requires manual extraction from China Statistical Yearbook or EPS platform
Hubei,2015,NBS_YEARBOOK,NBS_YEARBOOK,NBS_YEARBOOK,NBS_YEARBOOK,NBS_YEARBOOK_PARTIAL,NBS_YEARBOOK,Requires manual extraction from China Statistical Yearbook or EPS platform
Hubei,2016,NBS_YEARBOOK,NBS_YEARBOOK,NBS_YEARBOOK,NBS_YEARBOOK,NBS_YEARBOOK_PARTIAL,NBS_YEARBOOK,Requires manual extraction from China Statistical Yearbook or EPS platform
Hubei,2017,NBS_YEARBOOK,NBS_YEARBOOK,NBS_YEARBOOK,NBS_YEARBOOK,NBS_YEARBOOK_PARTIAL,NBS_YEARBOOK,Requires manual extraction from China Statistical Yearbook or EPS platform
Hubei,2018,NBS_YEARBOOK,NBS_YEARBOOK,NBS_YEARBOOK,NBS_YEARBOOK,NBS_YEARBOOK_PARTIAL,NBS_YEARBOOK,Requires manual extraction from China Statistical Yearbook or EPS platform
Hubei,2019,NBS_YEARBOOK,NBS_YEARBOOK,NBS_YEARBOOK,NBS_YEARBOOK,NBS_YEARBOOK_PARTIAL,NBS_YEARBOOK,Requires manual extraction from China Statistical Yearbook or EPS platform
Hubei,2020,NBS_YEARBOOK,NBS_YEARBOOK,NBS_YEARBOOK,NBS_YEARBOOK,NBS_YEARBOOK_PARTIAL,NBS_YEARBOOK,Requires manual extraction from China Statistical Yearbook or EPS platform
Hubei,2021,NBS_YEARBOOK,NBS_YEARBOOK,NBS_YEARBOOK,NBS_YEARBOOK,NBS_YEARBOOK_PARTIAL,NBS_YEARBOOK,Requires manual extraction from China Statistical Yearbook or EPS platform
Hubei,2022,NBS_YEARBOOK,NBS_YEARBOOK,NBS_YEARBOOK,NBS_YEARBOOK,NBS_YEARBOOK_PARTIAL,NBS_YEARBOOK,Requires manual extraction from China Statistical Yearbook or EPS platform
Hubei,2023,NBS_YEARBOOK,NBS_YEARBOOK,NBS_YEARBOOK,NBS_YEARBOOK,NBS_YEARBOOK_PARTIAL,NBS_YEARBOOK,Requires manual extraction from China Statistical Yearbook or EPS platform
Hunan,2011,NBS_YEARBOOK,NBS_YEARBOOK,NBS_YEARBOOK,NBS_YEARBOOK,NBS_YEARBOOK_PARTIAL,NBS_YEARBOOK,Requires manual extraction from China Statistical Yearbook or EPS platform
Hunan,2012,NBS_YEARBOOK,NBS_YEARBOOK,NBS_YEARBOOK,NBS_YEARBOOK,NBS_YEARBOOK_PARTIAL,NBS_YEARBOOK,Requires manual extraction from China Statistical Yearbook or EPS platform
Hunan,2013,NBS_YEARBOOK,NBS_YEARBOOK,NBS_YEARBOOK,NBS_YEARBOOK,NBS_YEARBOOK_PARTIAL,NBS_YEARBOOK,Requires manual extraction from China Statistical Yearbook or EPS platform
Hunan,2014,NBS_YEARBOOK,NBS_YEARBOOK,NBS_YEARBOOK,NBS_YEARBOOK,NBS_YEARBOOK_PARTIAL,NBS_YEARBOOK,Requires manual extraction from China Statistical Yearbook or EPS platform
Hunan,2015,NBS_YEARBOOK,NBS_YEARBOOK,NBS_YEARBOOK,NBS_YEARBOOK,NBS_YEARBOOK_PARTIAL,NBS_YEARBOOK,Requires manual extraction from China Statistical Yearbook or EPS platform
Hunan,2016,NBS_YEARBOOK,NBS_YEARBOOK,NBS_YEARBOOK,NBS_YEARBOOK,NBS_YEARBOOK_PARTIAL,NBS_YEARBOOK,Requires manual extraction from China Statistical Yearbook or EPS platform
Hunan,2017,NBS_YEARBOOK,NBS_YEARBOOK,NBS_YEARBOOK,NBS_YEARBOOK,NBS_YEARBOOK_PARTIAL,NBS_YEARBOOK,Requires manual extraction from China Statistical Yearbook or EPS platform
Hunan,2018,NBS_YEARBOOK,NBS_YEARBOOK,NBS_YEARBOOK,NBS_YEARBOOK,NBS_YEARBOOK_PARTIAL,NBS_YEARBOOK,Requires manual extraction from China Statistical Yearbook or EPS platform
Hunan,2019,NBS_YEARBOOK,NBS_YEARBOOK,NBS_YEARBOOK,NBS_YEARBOOK,NBS_YEARBOOK_PARTIAL,NBS_YEARBOOK,Requires manual extraction from China Statistical Yearbook or EPS platform
Hunan,2020,NBS_YEARBOOK,NBS_YEARBOOK,NBS_YEARBOOK,NBS_YEARBOOK,NBS_YEARBOOK_PARTIAL,NBS_YEARBOOK,Requires manual extraction from China Statistical Yearbook or EPS platform
Hunan,2021,NBS_YEARBOOK,NBS_YEARBOOK,NBS_YEARBOOK,NBS_YEARBOOK,NBS_YEARBOOK_PARTIAL,NBS_YEARBOOK,Requires manual extraction from China Statistical Yearbook or EPS platform
Hunan,2022,NBS_YEARBOOK,NBS_YEARBOOK,NBS_YEARBOOK,NBS_YEARBOOK,NBS_YEARBOOK_PARTIAL,NBS_YEARBOOK,Requires manual extraction from China Statistical Yearbook or EPS platform
Hunan,2023,NBS_YEARBOOK,NBS_YEARBOOK,NBS_YEARBOOK,NBS_YEARBOOK,NBS_YEARBOOK_PARTIAL,NBS_YEARBOOK,Requires manual extraction from China Statistical Yearbook or EPS platform
Guangdong,2011,NBS_YEARBOOK,NBS_YEARBOOK,NBS_YEARBOOK,NBS_YEARBOOK,NBS_YEARBOOK_PARTIAL,NBS_YEARBOOK,Requires manual extraction from China Statistical Yearbook or EPS platform
Guangdong,2012,NBS_YEARBOOK,NBS_YEARBOOK,NBS_YEARBOOK,NBS_YEARBOOK,NBS_YEARBOOK_PARTIAL,NBS_YEARBOOK,Requires manual extraction from China Statistical Yearbook or EPS platform
Guangdong,2013,NBS_YEARBOOK,NBS_YEARBOOK,NBS_YEARBOOK,NBS_YEARBOOK,NBS_YEARBOOK_PARTIAL,NBS_YEARBOOK,Requires manual extraction from China Statistical Yearbook or EPS platform
Guangdong,2014,NBS_YEARBOOK,NBS_YEARBOOK,NBS_YEARBOOK,NBS_YEARBOOK,NBS_YEARBOOK_PARTIAL,NBS_YEARBOOK,Requires manual extraction from China Statistical Yearbook or EPS platform
Guangdong,2015,NBS_YEARBOOK,NBS_YEARBOOK,NBS_YEARBOOK,NBS_YEARBOOK,NBS_YEARBOOK_PARTIAL,NBS_YEARBOOK,Requires manual extraction from China Statistical Yearbook or EPS platform
Guangdong,2016,NBS_YEARBOOK,NBS_YEARBOOK,NBS_YEARBOOK,NBS_YEARBOOK,NBS_YEARBOOK_PARTIAL,NBS_YEARBOOK,Requires manual extraction from China Statistical Yearbook or EPS platform
Guangdong,2017,NBS_YEARBOOK,NBS_YEARBOOK,NBS_YEARBOOK,NBS_YEARBOOK,NBS_YEARBOOK_PARTIAL,NBS_YEARBOOK,Requires manual extraction from China Statistical Yearbook or EPS platform
Guangdong,2018,NBS_YEARBOOK,NBS_YEARBOOK,NBS_YEARBOOK,NBS_YEARBOOK,NBS_YEARBOOK_PARTIAL,NBS_YEARBOOK,Requires manual extraction from China Statistical Yearbook or EPS platform
Guangdong,2019,NBS_YEARBOOK,NBS_YEARBOOK,NBS_YEARBOOK,NBS_YEARBOOK,NBS_YEARBOOK_PARTIAL,NBS_YEARBOOK,Requires manual extraction from China Statistical Yearbook or EPS platform
Guangdong,2020,NBS_YEARBOOK,NBS_YEARBOOK,NBS_YEARBOOK,NBS_YEARBOOK,NBS_YEARBOOK_PARTIAL,NBS_YEARBOOK,Requires manual extraction from China Statistical Yearbook or EPS platform
Guangdong,2021,NBS_YEARBOOK,NBS_YEARBOOK,NBS_YEARBOOK,NBS_YEARBOOK,NBS_YEARBOOK_PARTIAL,NBS_YEARBOOK,Requires manual extraction from China Statistical Yearbook or EPS platform
Guangdong,2022,NBS_YEARBOOK,NBS_YEARBOOK,NBS_YEARBOOK,NBS_YEARBOOK,NBS_YEARBOOK_PARTIAL,NBS_YEARBOOK,Requires manual extraction from China Statistical Yearbook or EPS platform
Guangdong,2023,NBS_YEARBOOK,NBS_YEARBOOK,NBS_YEARBOOK,NBS_YEARBOOK,NBS_YEARBOOK_PARTIAL,NBS_YEARBOOK,Requires manual extraction from China Statistical Yearbook or EPS platform
Guangxi,2011,NBS_YEARBOOK,NBS_YEARBOOK,NBS_YEARBOOK,NBS_YEARBOOK,NBS_YEARBOOK_PARTIAL,NBS_YEARBOOK,Requires manual extraction from China Statistical Yearbook or EPS platform
Guangxi,2012,NBS_YEARBOOK,NBS_YEARBOOK,NBS_YEARBOOK,NBS_YEARBOOK,NBS_YEARBOOK_PARTIAL,NBS_YEARBOOK,Requires manual extraction from China Statistical Yearbook or EPS platform
Guangxi,2013,NBS_YEARBOOK,NBS_YEARBOOK,NBS_YEARBOOK,NBS_YEARBOOK,NBS_YEARBOOK_PARTIAL,NBS_YEARBOOK,Requires manual extraction from China Statistical Yearbook or EPS platform
Guangxi,2014,NBS_YEARBOOK,NBS_YEARBOOK,NBS_YEARBOOK,NBS_YEARBOOK,NBS_YEARBOOK_PARTIAL,NBS_YEARBOOK,Requires manual extraction from China Statistical Yearbook or EPS platform
Guangxi,2015,NBS_YEARBOOK,NBS_YEARBOOK,NBS_YEARBOOK,NBS_YEARBOOK,NBS_YEARBOOK_PARTIAL,NBS_YEARBOOK,Requires manual extraction from China Statistical Yearbook or EPS platform
Guangxi,2016,NBS_YEARBOOK,NBS_YEARBOOK,NBS_YEARBOOK,NBS_YEARBOOK,NBS_YEARBOOK_PARTIAL,NBS_YEARBOOK,Requires manual extraction from China Statistical Yearbook or EPS platform
Guangxi,2017,NBS_YEARBOOK,NBS_YEARBOOK,NBS_YEARBOOK,NBS_YEARBOOK,NBS_YEARBOOK_PARTIAL,NBS_YEARBOOK,Requires manual extraction from China Statistical Yearbook or EPS platform
Guangxi,2018,NBS_YEARBOOK,NBS_YEARBOOK,NBS_YEARBOOK,NBS_YEARBOOK,NBS_YEARBOOK_PARTIAL,NBS_YEARBOOK,Requires manual extraction from China Statistical Yearbook or EPS platform
Guangxi,2019,NBS_YEARBOOK,NBS_YEARBOOK,NBS_YEARBOOK,NBS_YEARBOOK,NBS_YEARBOOK_PARTIAL,NBS_YEARBOOK,Requires manual extraction from China Statistical Yearbook or EPS platform
Guangxi,2020,NBS_YEARBOOK,NBS_YEARBOOK,NBS_YEARBOOK,NBS_YEARBOOK,NBS_YEARBOOK_PARTIAL,NBS_YEARBOOK,Requires manual extraction from China Statistical Yearbook or EPS platform
Guangxi,2021,NBS_YEARBOOK,NBS_YEARBOOK,NBS_YEARBOOK,NBS_YEARBOOK,NBS_YEARBOOK_PARTIAL,NBS_YEARBOOK,Requires manual extraction from China Statistical Yearbook or EPS platform
Guangxi,2022,NBS_YEARBOOK,NBS_YEARBOOK,NBS_YEARBOOK,NBS_YEARBOOK,NBS_YEARBOOK_PARTIAL,NBS_YEARBOOK,Requires manual extraction from China Statistical Yearbook or EPS platform
Guangxi,2023,NBS_YEARBOOK,NBS_YEARBOOK,NBS_YEARBOOK,NBS_YEARBOOK,NBS_YEARBOOK_PARTIAL,NBS_YEARBOOK,Requires manual extraction from China Statistical Yearbook or EPS platform
Hainan,2011,NBS_YEARBOOK,NBS_YEARBOOK,NBS_YEARBOOK,NBS_YEARBOOK,NBS_YEARBOOK_PARTIAL,NBS_YEARBOOK,Requires manual extraction from China Statistical Yearbook or EPS platform
Hainan,2012,NBS_YEARBOOK,NBS_YEARBOOK,NBS_YEARBOOK,NBS_YEARBOOK,NBS_YEARBOOK_PARTIAL,NBS_YEARBOOK,Requires manual extraction from China Statistical Yearbook or EPS platform
Hainan,2013,NBS_YEARBOOK,NBS_YEARBOOK,NBS_YEARBOOK,NBS_YEARBOOK,NBS_YEARBOOK_PARTIAL,NBS_YEARBOOK,Requires manual extraction from China Statistical Yearbook or EPS platform
Hainan,2014,NBS_YEARBOOK,NBS_YEARBOOK,NBS_YEARBOOK,NBS_YEARBOOK,NBS_YEARBOOK_PARTIAL,NBS_YEARBOOK,Requires manual extraction from China Statistical Yearbook or EPS platform
Hainan,2015,NBS_YEARBOOK,NBS_YEARBOOK,NBS_YEARBOOK,NBS_YEARBOOK,NBS_YEARBOOK_PARTIAL,NBS_YEARBOOK,Requires manual extraction from China Statistical Yearbook or EPS platform
Hainan,2016,NBS_YEARBOOK,NBS_YEARBOOK,NBS_YEARBOOK,NBS_YEARBOOK,NBS_YEARBOOK_PARTIAL,NBS_YEARBOOK,Requires manual extraction from China Statistical Yearbook or EPS platform
Hainan,2017,NBS_YEARBOOK,NBS_YEARBOOK,NBS_YEARBOOK,NBS_YEARBOOK,NBS_YEARBOOK_PARTIAL,NBS_YEARBOOK,Requires manual extraction from China Statistical Yearbook or EPS platform
Hainan,2018,NBS_YEARBOOK,NBS_YEARBOOK,NBS_YEARBOOK,NBS_YEARBOOK,NBS_YEARBOOK_PARTIAL,NBS_YEARBOOK,Requires manual extraction from China Statistical Yearbook or EPS platform
Hainan,2019,NBS_YEARBOOK,NBS_YEARBOOK,NBS_YEARBOOK,NBS_YEARBOOK,NBS_YEARBOOK_PARTIAL,NBS_YEARBOOK,Requires manual extraction from China Statistical Yearbook or EPS platform
Hainan,2020,NBS_YEARBOOK,NBS_YEARBOOK,NBS_YEARBOOK,NBS_YEARBOOK,NBS_YEARBOOK_PARTIAL,NBS_YEARBOOK,Requires manual extraction from China Statistical Yearbook or EPS platform
Hainan,2021,NBS_YEARBOOK,NBS_YEARBOOK,NBS_YEARBOOK,NBS_YEARBOOK,NBS_YEARBOOK_PARTIAL,NBS_YEARBOOK,Requires manual extraction from China Statistical Yearbook or EPS platform
Hainan,2022,NBS_YEARBOOK,NBS_YEARBOOK,NBS_YEARBOOK,NBS_YEARBOOK,NBS_YEARBOOK_PARTIAL,NBS_YEARBOOK,Requires manual extraction from China Statistical Yearbook or EPS platform
Hainan,2023,NBS_YEARBOOK,NBS_YEARBOOK,NBS_YEARBOOK,NBS_YEARBOOK,NBS_YEARBOOK_PARTIAL,NBS_YEARBOOK,Requires manual extraction from China Statistical Yearbook or EPS platform
Chongqing,2011,NBS_YEARBOOK,NBS_YEARBOOK,NBS_YEARBOOK,NBS_YEARBOOK,NBS_YEARBOOK_PARTIAL,NBS_YEARBOOK,Requires manual extraction from China Statistical Yearbook or EPS platform
Chongqing,2012,NBS_YEARBOOK,NBS_YEARBOOK,NBS_YEARBOOK,NBS_YEARBOOK,NBS_YEARBOOK_PARTIAL,NBS_YEARBOOK,Requires manual extraction from China Statistical Yearbook or EPS platform
Chongqing,2013,NBS_YEARBOOK,NBS_YEARBOOK,NBS_YEARBOOK,NBS_YEARBOOK,NBS_YEARBOOK_PARTIAL,NBS_YEARBOOK,Requires manual extraction from China Statistical Yearbook or EPS platform
Chongqing,2014,NBS_YEARBOOK,NBS_YEARBOOK,NBS_YEARBOOK,NBS_YEARBOOK,NBS_YEARBOOK_PARTIAL,NBS_YEARBOOK,Requires manual extraction from China Statistical Yearbook or EPS platform
Chongqing,2015,NBS_YEARBOOK,NBS_YEARBOOK,NBS_YEARBOOK,NBS_YEARBOOK,NBS_YEARBOOK_PARTIAL,NBS_YEARBOOK,Requires manual extraction from China Statistical Yearbook or EPS platform
Chongqing,2016,NBS_YEARBOOK,NBS_YEARBOOK,NBS_YEARBOOK,NBS_YEARBOOK,NBS_YEARBOOK_PARTIAL,NBS_YEARBOOK,Requires manual extraction from China Statistical Yearbook or EPS platform
Chongqing,2017,NBS_YEARBOOK,NBS_YEARBOOK,NBS_YEARBOOK,NBS_YEARBOOK,NBS_YEARBOOK_PARTIAL,NBS_YEARBOOK,Requires manual extraction from China Statistical Yearbook or EPS platform
Chongqing,2018,NBS_YEARBOOK,NBS_YEARBOOK,NBS_YEARBOOK,NBS_YEARBOOK,NBS_YEARBOOK_PARTIAL,NBS_YEARBOOK,Requires manual extraction from China Statistical Yearbook or EPS platform
Chongqing,2019,NBS_YEARBOOK,NBS_YEARBOOK,NBS_YEARBOOK,NBS_YEARBOOK,NBS_YEARBOOK_PARTIAL,NBS_YEARBOOK,Requires manual extraction from China Statistical Yearbook or EPS platform
Chongqing,2020,NBS_YEARBOOK,NBS_YEARBOOK,NBS_YEARBOOK,NBS_YEARBOOK,NBS_YEARBOOK_PARTIAL,NBS_YEARBOOK,Requires manual extraction from China Statistical Yearbook or EPS platform
Chongqing,2021,NBS_YEARBOOK,NBS_YEARBOOK,NBS_YEARBOOK,NBS_YEARBOOK,NBS_YEARBOOK_PARTIAL,NBS_YEARBOOK,Requires manual extraction from China Statistical Yearbook or EPS platform
Chongqing,2022,NBS_YEARBOOK,NBS_YEARBOOK,NBS_YEARBOOK,NBS_YEARBOOK,NBS_YEARBOOK_PARTIAL,NBS_YEARBOOK,Requires manual extraction from China Statistical Yearbook or EPS platform
Chongqing,2023,NBS_YEARBOOK,NBS_YEARBOOK,NBS_YEARBOOK,NBS_YEARBOOK,NBS_YEARBOOK_PARTIAL,NBS_YEARBOOK,Requires manual extraction from China Statistical Yearbook or EPS platform
Sichuan,2011,NBS_YEARBOOK,NBS_YEARBOOK,NBS_YEARBOOK,NBS_YEARBOOK,NBS_YEARBOOK_PARTIAL,NBS_YEARBOOK,Requires manual extraction from China Statistical Yearbook or EPS platform
Sichuan,2012,NBS_YEARBOOK,NBS_YEARBOOK,NBS_YEARBOOK,NBS_YEARBOOK,NBS_YEARBOOK_PARTIAL,NBS_YEARBOOK,Requires manual extraction from China Statistical Yearbook or EPS platform
Sichuan,2013,NBS_YEARBOOK,NBS_YEARBOOK,NBS_YEARBOOK,NBS_YEARBOOK,NBS_YEARBOOK_PARTIAL,NBS_YEARBOOK,Requires manual extraction from China Statistical Yearbook or EPS platform
Sichuan,2014,NBS_YEARBOOK,NBS_YEARBOOK,NBS_YEARBOOK,NBS_YEARBOOK,NBS_YEARBOOK_PARTIAL,NBS_YEARBOOK,Requires manual extraction from China Statistical Yearbook or EPS platform
Sichuan,2015,NBS_YEARBOOK,NBS_YEARBOOK,NBS_YEARBOOK,NBS_YEARBOOK,NBS_YEARBOOK_PARTIAL,NBS_YEARBOOK,Requires manual extraction from China Statistical Yearbook or EPS platform
Sichuan,2016,NBS_YEARBOOK,NBS_YEARBOOK,NBS_YEARBOOK,NBS_YEARBOOK,NBS_YEARBOOK_PARTIAL,NBS_YEARBOOK,Requires manual extraction from China Statistical Yearbook or EPS platform
Sichuan,2017,NBS_YEARBOOK,NBS_YEARBOOK,NBS_YEARBOOK,NBS_YEARBOOK,NBS_YEARBOOK_PARTIAL,NBS_YEARBOOK,Requires manual extraction from China Statistical Yearbook or EPS platform
Sichuan,2018,NBS_YEARBOOK,NBS_YEARBOOK,NBS_YEARBOOK,NBS_YEARBOOK,NBS_YEARBOOK_PARTIAL,NBS_YEARBOOK,Requires manual extraction from China Statistical Yearbook or EPS platform
Sichuan,2019,NBS_YEARBOOK,NBS_YEARBOOK,NBS_YEARBOOK,NBS_YEARBOOK,NBS_YEARBOOK_PARTIAL,NBS_YEARBOOK,Requires manual extraction from China Statistical Yearbook or EPS platform
Sichuan,2020,NBS_YEARBOOK,NBS_YEARBOOK,NBS_YEARBOOK,NBS_YEARBOOK,NBS_YEARBOOK_PARTIAL,NBS_YEARBOOK,Requires manual extraction from China Statistical Yearbook or EPS platform
Sichuan,2021,NBS_YEARBOOK,NBS_YEARBOOK,NBS_YEARBOOK,NBS_YEARBOOK,NBS_YEARBOOK_PARTIAL,NBS_YEARBOOK,Requires manual extraction from China Statistical Yearbook or EPS platform
Sichuan,2022,NBS_YEARBOOK,NBS_YEARBOOK,NBS_YEARBOOK,NBS_YEARBOOK,NBS_YEARBOOK_PARTIAL,NBS_YEARBOOK,Requires manual extraction from China Statistical Yearbook or EPS platform
Sichuan,2023,NBS_YEARBOOK,NBS_YEARBOOK,NBS_YEARBOOK,NBS_YEARBOOK,NBS_YEARBOOK_PARTIAL,NBS_YEARBOOK,Requires manual extraction from China Statistical Yearbook or EPS platform
Guizhou,2011,NBS_YEARBOOK,NBS_YEARBOOK,NBS_YEARBOOK,NBS_YEARBOOK,NBS_YEARBOOK_PARTIAL,NBS_YEARBOOK,Requires manual extraction from China Statistical Yearbook or EPS platform
Guizhou,2012,NBS_YEARBOOK,NBS_YEARBOOK,NBS_YEARBOOK,NBS_YEARBOOK,NBS_YEARBOOK_PARTIAL,NBS_YEARBOOK,Requires manual extraction from China Statistical Yearbook or EPS platform
Guizhou,2013,NBS_YEARBOOK,NBS_YEARBOOK,NBS_YEARBOOK,NBS_YEARBOOK,NBS_YEARBOOK_PARTIAL,NBS_YEARBOOK,Requires manual extraction from China Statistical Yearbook or EPS platform
Guizhou,2014,NBS_YEARBOOK,NBS_YEARBOOK,NBS_YEARBOOK,NBS_YEARBOOK,NBS_YEARBOOK_PARTIAL,NBS_YEARBOOK,Requires manual extraction from China Statistical Yearbook or EPS platform
Guizhou,2015,NBS_YEARBOOK,NBS_YEARBOOK,NBS_YEARBOOK,NBS_YEARBOOK,NBS_YEARBOOK_PARTIAL,NBS_YEARBOOK,Requires manual extraction from China Statistical Yearbook or EPS platform
Guizhou,2016,NBS_YEARBOOK,NBS_YEARBOOK,NBS_YEARBOOK,NBS_YEARBOOK,NBS_YEARBOOK_PARTIAL,NBS_YEARBOOK,Requires manual extraction from China Statistical Yearbook or EPS platform
Guizhou,2017,NBS_YEARBOOK,NBS_YEARBOOK,NBS_YEARBOOK,NBS_YEARBOOK,NBS_YEARBOOK_PARTIAL,NBS_YEARBOOK,Requires manual extraction from China Statistical Yearbook or EPS platform
Guizhou,2018,NBS_YEARBOOK,NBS_YEARBOOK,NBS_YEARBOOK,NBS_YEARBOOK,NBS_YEARBOOK_PARTIAL,NBS_YEARBOOK,Requires manual extraction from China Statistical Yearbook or EPS platform
Guizhou,2019,NBS_YEARBOOK,NBS_YEARBOOK,NBS_YEARBOOK,NBS_YEARBOOK,NBS_YEARBOOK_PARTIAL,NBS_YEARBOOK,Requires manual extraction from China Statistical Yearbook or EPS platform
Guizhou,2020,NBS_YEARBOOK,NBS_YEARBOOK,NBS_YEARBOOK,NBS_YEARBOOK,NBS_YEARBOOK_PARTIAL,NBS_YEARBOOK,Requires manual extraction from China Statistical Yearbook or EPS platform
Guizhou,2021,NBS_YEARBOOK,NBS_YEARBOOK,NBS_YEARBOOK,NBS_YEARBOOK,NBS_YEARBOOK_PARTIAL,NBS_YEARBOOK,Requires manual extraction from China Statistical Yearbook or EPS platform
Guizhou,2022,NBS_YEARBOOK,NBS_YEARBOOK,NBS_YEARBOOK,NBS_YEARBOOK,NBS_YEARBOOK_PARTIAL,NBS_YEARBOOK,Requires manual extraction from China Statistical Yearbook or EPS platform
Guizhou,2023,NBS_YEARBOOK,NBS_YEARBOOK,NBS_YEARBOOK,NBS_YEARBOOK,NBS_YEARBOOK_PARTIAL,NBS_YEARBOOK,Requires manual extraction from China Statistical Yearbook or EPS platform
Yunnan,2011,NBS_YEARBOOK,NBS_YEARBOOK,NBS_YEARBOOK,NBS_YEARBOOK,NBS_YEARBOOK_PARTIAL,NBS_YEARBOOK,Requires manual extraction from China Statistical Yearbook or EPS platform
Yunnan,2012,NBS_YEARBOOK,NBS_YEARBOOK,NBS_YEARBOOK,NBS_YEARBOOK,NBS_YEARBOOK_PARTIAL,NBS_YEARBOOK,Requires manual extraction from China Statistical Yearbook or EPS platform
Yunnan,2013,NBS_YEARBOOK,NBS_YEARBOOK,NBS_YEARBOOK,NBS_YEARBOOK,NBS_YEARBOOK_PARTIAL,NBS_YEARBOOK,Requires manual extraction from China Statistical Yearbook or EPS platform
Yunnan,2014,NBS_YEARBOOK,NBS_YEARBOOK,NBS_YEARBOOK,NBS_YEARBOOK,NBS_YEARBOOK_PARTIAL,NBS_YEARBOOK,Requires manual extraction from China Statistical Yearbook or EPS platform
Yunnan,2015,NBS_YEARBOOK,NBS_YEARBOOK,NBS_YEARBOOK,NBS_YEARBOOK,NBS_YEARBOOK_PARTIAL,NBS_YEARBOOK,Requires manual extraction from China Statistical Yearbook or EPS platform
Yunnan,2016,NBS_YEARBOOK,NBS_YEARBOOK,NBS_YEARBOOK,NBS_YEARBOOK,NBS_YEARBOOK_PARTIAL,NBS_YEARBOOK,Requires manual extraction from China Statistical Yearbook or EPS platform
Yunnan,2017,NBS_YEARBOOK,NBS_YEARBOOK,NBS_YEARBOOK,NBS_YEARBOOK,NBS_YEARBOOK_PARTIAL,NBS_YEARBOOK,Requires manual extraction from China Statistical Yearbook or EPS platform
Yunnan,2018,NBS_YEARBOOK,NBS_YEARBOOK,NBS_YEARBOOK,NBS_YEARBOOK,NBS_YEARBOOK_PARTIAL,NBS_YEARBOOK,Requires manual extraction from China Statistical Yearbook or EPS platform
Yunnan,2019,NBS_YEARBOOK,NBS_YEARBOOK,NBS_YEARBOOK,NBS_YEARBOOK,NBS_YEARBOOK_PARTIAL,NBS_YEARBOOK,Requires manual extraction from China Statistical Yearbook or EPS platform
Yunnan,2020,NBS_YEARBOOK,NBS_YEARBOOK,NBS_YEARBOOK,NBS_YEARBOOK,NBS_YEARBOOK_PARTIAL,NBS_YEARBOOK,Requires manual extraction from China Statistical Yearbook or EPS platform
Yunnan,2021,NBS_YEARBOOK,NBS_YEARBOOK,NBS_YEARBOOK,NBS_YEARBOOK,NBS_YEARBOOK_PARTIAL,NBS_YEARBOOK,Requires manual extraction from China Statistical Yearbook or EPS platform
Yunnan,2022,NBS_YEARBOOK,NBS_YEARBOOK,NBS_YEARBOOK,NBS_YEARBOOK,NBS_YEARBOOK_PARTIAL,NBS_YEARBOOK,Requires manual extraction from China Statistical Yearbook or EPS platform
Yunnan,2023,NBS_YEARBOOK,NBS_YEARBOOK,NBS_YEARBOOK,NBS_YEARBOOK,NBS_YEARBOOK_PARTIAL,NBS_YEARBOOK,Requires manual extraction from China Statistical Yearbook or EPS platform
Tibet,2011,NBS_YEARBOOK,NBS_YEARBOOK,NBS_YEARBOOK,NBS_YEARBOOK,NBS_YEARBOOK_PARTIAL,NBS_YEARBOOK,Requires manual extraction from China Statistical Yearbook or EPS platform
Tibet,2012,NBS_YEARBOOK,NBS_YEARBOOK,NBS_YEARBOOK,NBS_YEARBOOK,NBS_YEARBOOK_PARTIAL,NBS_YEARBOOK,Requires manual extraction from China Statistical Yearbook or EPS platform
Tibet,2013,NBS_YEARBOOK,NBS_YEARBOOK,NBS_YEARBOOK,NBS_YEARBOOK,NBS_YEARBOOK_PARTIAL,NBS_YEARBOOK,Requires manual extraction from China Statistical Yearbook or EPS platform
Tibet,2014,NBS_YEARBOOK,NBS_YEARBOOK,NBS_YEARBOOK,NBS_YEARBOOK,NBS_YEARBOOK_PARTIAL,NBS_YEARBOOK,Requires manual extraction from China Statistical Yearbook or EPS platform
Tibet,2015,NBS_YEARBOOK,NBS_YEARBOOK,NBS_YEARBOOK,NBS_YEARBOOK,NBS_YEARBOOK_PARTIAL,NBS_YEARBOOK,Requires manual extraction from China Statistical Yearbook or EPS platform
Tibet,2016,NBS_YEARBOOK,NBS_YEARBOOK,NBS_YEARBOOK,NBS_YEARBOOK,NBS_YEARBOOK_PARTIAL,NBS_YEARBOOK,Requires manual extraction from China Statistical Yearbook or EPS platform
Tibet,2017,NBS_YEARBOOK,NBS_YEARBOOK,NBS_YEARBOOK,NBS_YEARBOOK,NBS_YEARBOOK_PARTIAL,NBS_YEARBOOK,Requires manual extraction from China Statistical Yearbook or EPS platform
Tibet,2018,NBS_YEARBOOK,NBS_YEARBOOK,NBS_YEARBOOK,NBS_YEARBOOK,NBS_YEARBOOK_PARTIAL,NBS_YEARBOOK,Requires manual extraction from China Statistical Yearbook or EPS platform
Tibet,2019,NBS_YEARBOOK,NBS_YEARBOOK,NBS_YEARBOOK,NBS_YEARBOOK,NBS_YEARBOOK_PARTIAL,NBS_YEARBOOK,Requires manual extraction from China Statistical Yearbook or EPS platform
Tibet,2020,NBS_YEARBOOK,NBS_YEARBOOK,NBS_YEARBOOK,NBS_YEARBOOK,NBS_YEARBOOK_PARTIAL,NBS_YEARBOOK,Requires manual extraction from China Statistical Yearbook or EPS platform
Tibet,2021,NBS_YEARBOOK,NBS_YEARBOOK,NBS_YEARBOOK,NBS_YEARBOOK,NBS_YEARBOOK_PARTIAL,NBS_YEARBOOK,Requires manual extraction from China Statistical Yearbook or EPS platform
Tibet,2022,NBS_YEARBOOK,NBS_YEARBOOK,NBS_YEARBOOK,NBS_YEARBOOK,NBS_YEARBOOK_PARTIAL,NBS_YEARBOOK,Requires manual extraction from China Statistical Yearbook or EPS platform
Tibet,2023,NBS_YEARBOOK,NBS_YEARBOOK,NBS_YEARBOOK,NBS_YEARBOOK,NBS_YEARBOOK_PARTIAL,NBS_YEARBOOK,Requires manual extraction from China Statistical Yearbook or EPS platform
Shaanxi,2011,NBS_YEARBOOK,NBS_YEARBOOK,NBS_YEARBOOK,NBS_YEARBOOK,NBS_YEARBOOK_PARTIAL,NBS_YEARBOOK,Requires manual extraction from China Statistical Yearbook or EPS platform
Shaanxi,2012,NBS_YEARBOOK,NBS_YEARBOOK,NBS_YEARBOOK,NBS_YEARBOOK,NBS_YEARBOOK_PARTIAL,NBS_YEARBOOK,Requires manual extraction from China Statistical Yearbook or EPS platform
Shaanxi,2013,NBS_YEARBOOK,NBS_YEARBOOK,NBS_YEARBOOK,NBS_YEARBOOK,NBS_YEARBOOK_PARTIAL,NBS_YEARBOOK,Requires manual extraction from China Statistical Yearbook or EPS platform
Shaanxi,2014,NBS_YEARBOOK,NBS_YEARBOOK,NBS_YEARBOOK,NBS_YEARBOOK,NBS_YEARBOOK_PARTIAL,NBS_YEARBOOK,Requires manual extraction from China Statistical Yearbook or EPS platform
Shaanxi,2015,NBS_YEARBOOK,NBS_YEARBOOK,NBS_YEARBOOK,NBS_YEARBOOK,NBS_YEARBOOK_PARTIAL,NBS_YEARBOOK,Requires manual extraction from China Statistical Yearbook or EPS platform
Shaanxi,2016,NBS_YEARBOOK,NBS_YEARBOOK,NBS_YEARBOOK,NBS_YEARBOOK,NBS_YEARBOOK_PARTIAL,NBS_YEARBOOK,Requires manual extraction from China Statistical Yearbook or EPS platform
Shaanxi,2017,NBS_YEARBOOK,NBS_YEARBOOK,NBS_YEARBOOK,NBS_YEARBOOK,NBS_YEARBOOK_PARTIAL,NBS_YEARBOOK,Requires manual extraction from China Statistical Yearbook or EPS platform
Shaanxi,2018,NBS_YEARBOOK,NBS_YEARBOOK,NBS_YEARBOOK,NBS_YEARBOOK,NBS_YEARBOOK_PARTIAL,NBS_YEARBOOK,Requires manual extraction from China Statistical Yearbook or EPS platform
Shaanxi,2019,NBS_YEARBOOK,NBS_YEARBOOK,NBS_YEARBOOK,NBS_YEARBOOK,NBS_YEARBOOK_PARTIAL,NBS_YEARBOOK,Requires manual extraction from China Statistical Yearbook or EPS platform
Shaanxi,2020,NBS_YEARBOOK,NBS_YEARBOOK,NBS_YEARBOOK,NBS_YEARBOOK,NBS_YEARBOOK_PARTIAL,NBS_YEARBOOK,Requires manual extraction from China Statistical Yearbook or EPS platform
Shaanxi,2021,NBS_YEARBOOK,NBS_YEARBOOK,NBS_YEARBOOK,NBS_YEARBOOK,NBS_YEARBOOK_PARTIAL,NBS_YEARBOOK,Requires manual extraction from China Statistical Yearbook or EPS platform
Shaanxi,2022,NBS_YEARBOOK,NBS_YEARBOOK,NBS_YEARBOOK,NBS_YEARBOOK,NBS_YEARBOOK_PARTIAL,NBS_YEARBOOK,Requires manual extraction from China Statistical Yearbook or EPS platform
Shaanxi,2023,NBS_YEARBOOK,NBS_YEARBOOK,NBS_YEARBOOK,NBS_YEARBOOK,NBS_YEARBOOK_PARTIAL,NBS_YEARBOOK,Requires manual extraction from China Statistical Yearbook or EPS platform
Gansu,2011,NBS_YEARBOOK,NBS_YEARBOOK,NBS_YEARBOOK,NBS_YEARBOOK,NBS_YEARBOOK_PARTIAL,NBS_YEARBOOK,Requires manual extraction from China Statistical Yearbook or EPS platform
Gansu,2012,NBS_YEARBOOK,NBS_YEARBOOK,NBS_YEARBOOK,NBS_YEARBOOK,NBS_YEARBOOK_PARTIAL,NBS_YEARBOOK,Requires manual extraction from China Statistical Yearbook or EPS platform
Gansu,2013,NBS_YEARBOOK,NBS_YEARBOOK,NBS_YEARBOOK,NBS_YEARBOOK,NBS_YEARBOOK_PARTIAL,NBS_YEARBOOK,Requires manual extraction from China Statistical Yearbook or EPS platform
Gansu,2014,NBS_YEARBOOK,NBS_YEARBOOK,NBS_YEARBOOK,NBS_YEARBOOK,NBS_YEARBOOK_PARTIAL,NBS_YEARBOOK,Requires manual extraction from China Statistical Yearbook or EPS platform
Gansu,2015,NBS_YEARBOOK,NBS_YEARBOOK,NBS_YEARBOOK,NBS_YEARBOOK,NBS_YEARBOOK_PARTIAL,NBS_YEARBOOK,Requires manual extraction from China Statistical Yearbook or EPS platform
Gansu,2016,NBS_YEARBOOK,NBS_YEARBOOK,NBS_YEARBOOK,NBS_YEARBOOK,NBS_YEARBOOK_PARTIAL,NBS_YEARBOOK,Requires manual extraction from China Statistical Yearbook or EPS platform
Gansu,2017,NBS_YEARBOOK,NBS_YEARBOOK,NBS_YEARBOOK,NBS_YEARBOOK,NBS_YEARBOOK_PARTIAL,NBS_YEARBOOK,Requires manual extraction from China Statistical Yearbook or EPS platform
Gansu,2018,NBS_YEARBOOK,NBS_YEARBOOK,NBS_YEARBOOK,NBS_YEARBOOK,NBS_YEARBOOK_PARTIAL,NBS_YEARBOOK,Requires manual extraction from China Statistical Yearbook or EPS platform
Gansu,2019,NBS_YEARBOOK,NBS_YEARBOOK,NBS_YEARBOOK,NBS_YEARBOOK,NBS_YEARBOOK_PARTIAL,NBS_YEARBOOK,Requires manual extraction from China Statistical Yearbook or EPS platform
Gansu,2020,NBS_YEARBOOK,NBS_YEARBOOK,NBS_YEARBOOK,NBS_YEARBOOK,NBS_YEARBOOK_PARTIAL,NBS_YEARBOOK,Requires manual extraction from China Statistical Yearbook or EPS platform
Gansu,2021,NBS_YEARBOOK,NBS_YEARBOOK,NBS_YEARBOOK,NBS_YEARBOOK,NBS_YEARBOOK_PARTIAL,NBS_YEARBOOK,Requires manual extraction from China Statistical Yearbook or EPS platform
Gansu,2022,NBS_YEARBOOK,NBS_YEARBOOK,NBS_YEARBOOK,NBS_YEARBOOK,NBS_YEARBOOK_PARTIAL,NBS_YEARBOOK,Requires manual extraction from China Statistical Yearbook or EPS platform
Gansu,2023,NBS_YEARBOOK,NBS_YEARBOOK,NBS_YEARBOOK,NBS_YEARBOOK,NBS_YEARBOOK_PARTIAL,NBS_YEARBOOK,Requires manual extraction from China Statistical Yearbook or EPS platform
Qinghai,2011,NBS_YEARBOOK,NBS_YEARBOOK,NBS_YEARBOOK,NBS_YEARBOOK,NBS_YEARBOOK_PARTIAL,NBS_YEARBOOK,Requires manual extraction from China Statistical Yearbook or EPS platform
Qinghai,2012,NBS_YEARBOOK,NBS_YEARBOOK,NBS_YEARBOOK,NBS_YEARBOOK,NBS_YEARBOOK_PARTIAL,NBS_YEARBOOK,Requires manual extraction from China Statistical Yearbook or EPS platform
Qinghai,2013,NBS_YEARBOOK,NBS_YEARBOOK,NBS_YEARBOOK,NBS_YEARBOOK,NBS_YEARBOOK_PARTIAL,NBS_YEARBOOK,Requires manual extraction from China Statistical Yearbook or EPS platform
Qinghai,2014,NBS_YEARBOOK,NBS_YEARBOOK,NBS_YEARBOOK,NBS_YEARBOOK,NBS_YEARBOOK_PARTIAL,NBS_YEARBOOK,Requires manual extraction from China Statistical Yearbook or EPS platform
Qinghai,2015,NBS_YEARBOOK,NBS_YEARBOOK,NBS_YEARBOOK,NBS_YEARBOOK,NBS_YEARBOOK_PARTIAL,NBS_YEARBOOK,Requires manual extraction from China Statistical Yearbook or EPS platform
Qinghai,2016,NBS_YEARBOOK,NBS_YEARBOOK,NBS_YEARBOOK,NBS_YEARBOOK,NBS_YEARBOOK_PARTIAL,NBS_YEARBOOK,Requires manual extraction from China Statistical Yearbook or EPS platform
Qinghai,2017,NBS_YEARBOOK,NBS_YEARBOOK,NBS_YEARBOOK,NBS_YEARBOOK,NBS_YEARBOOK_PARTIAL,NBS_YEARBOOK,Requires manual extraction from China Statistical Yearbook or EPS platform
Qinghai,2018,NBS_YEARBOOK,NBS_YEARBOOK,NBS_YEARBOOK,NBS_YEARBOOK,NBS_YEARBOOK_PARTIAL,NBS_YEARBOOK,Requires manual extraction from China Statistical Yearbook or EPS platform
Qinghai,2019,NBS_YEARBOOK,NBS_YEARBOOK,NBS_YEARBOOK,NBS_YEARBOOK,NBS_YEARBOOK_PARTIAL,NBS_YEARBOOK,Requires manual extraction from China Statistical Yearbook or EPS platform
Qinghai,2020,NBS_YEARBOOK,NBS_YEARBOOK,NBS_YEARBOOK,NBS_YEARBOOK,NBS_YEARBOOK_PARTIAL,NBS_YEARBOOK,Requires manual extraction from China Statistical Yearbook or EPS platform
Qinghai,2021,NBS_YEARBOOK,NBS_YEARBOOK,NBS_YEARBOOK,NBS_YEARBOOK,NBS_YEARBOOK_PARTIAL,NBS_YEARBOOK,Requires manual extraction from China Statistical Yearbook or EPS platform
Qinghai,2022,NBS_YEARBOOK,NBS_YEARBOOK,NBS_YEARBOOK,NBS_YEARBOOK,NBS_YEARBOOK_PARTIAL,NBS_YEARBOOK,Requires manual extraction from China Statistical Yearbook or EPS platform
Qinghai,2023,NBS_YEARBOOK,NBS_YEARBOOK,NBS_YEARBOOK,NBS_YEARBOOK,NBS_YEARBOOK_PARTIAL,NBS_YEARBOOK,Requires manual extraction from China Statistical Yearbook or EPS platform
Ningxia,2011,NBS_YEARBOOK,NBS_YEARBOOK,NBS_YEARBOOK,NBS_YEARBOOK,NBS_YEARBOOK_PARTIAL,NBS_YEARBOOK,Requires manual extraction from China Statistical Yearbook or EPS platform
Ningxia,2012,NBS_YEARBOOK,NBS_YEARBOOK,NBS_YEARBOOK,NBS_YEARBOOK,NBS_YEARBOOK_PARTIAL,NBS_YEARBOOK,Requires manual extraction from China Statistical Yearbook or EPS platform
Ningxia,2013,NBS_YEARBOOK,NBS_YEARBOOK,NBS_YEARBOOK,NBS_YEARBOOK,NBS_YEARBOOK_PARTIAL,NBS_YEARBOOK,Requires manual extraction from China Statistical Yearbook or EPS platform
Ningxia,2014,NBS_YEARBOOK,NBS_YEARBOOK,NBS_YEARBOOK,NBS_YEARBOOK,NBS_YEARBOOK_PARTIAL,NBS_YEARBOOK,Requires manual extraction from China Statistical Yearbook or EPS platform
Ningxia,2015,NBS_YEARBOOK,NBS_YEARBOOK,NBS_YEARBOOK,NBS_YEARBOOK,NBS_YEARBOOK_PARTIAL,NBS_YEARBOOK,Requires manual extraction from China Statistical Yearbook or EPS platform
Ningxia,2016,NBS_YEARBOOK,NBS_YEARBOOK,NBS_YEARBOOK,NBS_YEARBOOK,NBS_YEARBOOK_PARTIAL,NBS_YEARBOOK,Requires manual extraction from China Statistical Yearbook or EPS platform
Ningxia,2017,NBS_YEARBOOK,NBS_YEARBOOK,NBS_YEARBOOK,NBS_YEARBOOK,NBS_YEARBOOK_PARTIAL,NBS_YEARBOOK,Requires manual extraction from China Statistical Yearbook or EPS platform
Ningxia,2018,NBS_YEARBOOK,NBS_YEARBOOK,NBS_YEARBOOK,NBS_YEARBOOK,NBS_YEARBOOK_PARTIAL,NBS_YEARBOOK,Requires manual extraction from China Statistical Yearbook or EPS platform
Ningxia,2019,NBS_YEARBOOK,NBS_YEARBOOK,NBS_YEARBOOK,NBS_YEARBOOK,NBS_YEARBOOK_PARTIAL,NBS_YEARBOOK,Requires manual extraction from China Statistical Yearbook or EPS platform
Ningxia,2020,NBS_YEARBOOK,NBS_YEARBOOK,NBS_YEARBOOK,NBS_YEARBOOK,NBS_YEARBOOK_PARTIAL,NBS_YEARBOOK,Requires manual extraction from China Statistical Yearbook or EPS platform
Ningxia,2021,NBS_YEARBOOK,NBS_YEARBOOK,NBS_YEARBOOK,NBS_YEARBOOK,NBS_YEARBOOK_PARTIAL,NBS_YEARBOOK,Requires manual extraction from China Statistical Yearbook or EPS platform
Ningxia,2022,NBS_YEARBOOK,NBS_YEARBOOK,NBS_YEARBOOK,NBS_YEARBOOK,NBS_YEARBOOK_PARTIAL,NBS_YEARBOOK,Requires manual extraction from China Statistical Yearbook or EPS platform
Ningxia,2023,NBS_YEARBOOK,NBS_YEARBOOK,NBS_YEARBOOK,NBS_YEARBOOK,NBS_YEARBOOK_PARTIAL,NBS_YEARBOOK,Requires manual extraction from China Statistical Yearbook or EPS platform
Xinjiang,2011,NBS_YEARBOOK,NBS_YEARBOOK,NBS_YEARBOOK,NBS_YEARBOOK,NBS_YEARBOOK_PARTIAL,NBS_YEARBOOK,Requires manual extraction from China Statistical Yearbook or EPS platform
Xinjiang,2012,NBS_YEARBOOK,NBS_YEARBOOK,NBS_YEARBOOK,NBS_YEARBOOK,NBS_YEARBOOK_PARTIAL,NBS_YEARBOOK,Requires manual extraction from China Statistical Yearbook or EPS platform
Xinjiang,2013,NBS_YEARBOOK,NBS_YEARBOOK,NBS_YEARBOOK,NBS_YEARBOOK,NBS_YEARBOOK_PARTIAL,NBS_YEARBOOK,Requires manual extraction from China Statistical Yearbook or EPS platform
Xinjiang,2014,NBS_YEARBOOK,NBS_YEARBOOK,NBS_YEARBOOK,NBS_YEARBOOK,NBS_YEARBOOK_PARTIAL,NBS_YEARBOOK,Requires manual extraction from China Statistical Yearbook or EPS platform
Xinjiang,2015,NBS_YEARBOOK,NBS_YEARBOOK,NBS_YEARBOOK,NBS_YEARBOOK,NBS_YEARBOOK_PARTIAL,NBS_YEARBOOK,Requires manual extraction from China Statistical Yearbook or EPS platform
Xinjiang,2016,NBS_YEARBOOK,NBS_YEARBOOK,NBS_YEARBOOK,NBS_YEARBOOK,NBS_YEARBOOK_PARTIAL,NBS_YEARBOOK,Requires manual extraction from China Statistical Yearbook or EPS platform
Xinjiang,2017,NBS_YEARBOOK,NBS_YEARBOOK,NBS_YEARBOOK,NBS_YEARBOOK,NBS_YEARBOOK_PARTIAL,NBS_YEARBOOK,Requires manual extraction from China Statistical Yearbook or EPS platform
Xinjiang,2018,NBS_YEARBOOK,NBS_YEARBOOK,NBS_YEARBOOK,NBS_YEARBOOK,NBS_YEARBOOK_PARTIAL,NBS_YEARBOOK,Requires manual extraction from China Statistical Yearbook or EPS platform
Xinjiang,2019,NBS_YEARBOOK,NBS_YEARBOOK,NBS_YEARBOOK,NBS_YEARBOOK,NBS_YEARBOOK_PARTIAL,NBS_YEARBOOK,Requires manual extraction from China Statistical Yearbook or EPS platform
Xinjiang,2020,NBS_YEARBOOK,NBS_YEARBOOK,NBS_YEARBOOK,NBS_YEARBOOK,NBS_YEARBOOK_PARTIAL,NBS_YEARBOOK,Requires manual extraction from China Statistical Yearbook or EPS platform
Xinjiang,2021,NBS_YEARBOOK,NBS_YEARBOOK,NBS_YEARBOOK,NBS_YEARBOOK,NBS_YEARBOOK_PARTIAL,NBS_YEARBOOK,Requires manual extraction from China Statistical Yearbook or EPS platform
Xinjiang,2022,NBS_YEARBOOK,NBS_YEARBOOK,NBS_YEARBOOK,NBS_YEARBOOK,NBS_YEARBOOK_PARTIAL,NBS_YEARBOOK,Requires manual extraction from China Statistical Yearbook or EPS platform
Xinjiang,2023,NBS_YEARBOOK,NBS_YEARBOOK,NBS_YEARBOOK,NBS_YEARBOOK,NBS_YEARBOOK_PARTIAL,NBS_YEARBOOK,Requires manual extraction from China Statistical Yearbook or EPS platform
